skupina,typ,odporucenie,subor,titul,autori,md5,pocet_slôh,poznamka
A0001,A-presna-kopia,ponechat,"013. Moc Božia divná (Advent, JKS).xml",013. Moc Božia divná,"Advent, JKS",8e627711,8,Bajtovo identicke subory
A0001,A-presna-kopia,kandidat na zmazanie,"013. Moc Božia divná (Advent, JKS)-1.xml",013. Moc Božia divná,"Advent, JKS",8e627711,8,Bajtovo identicke subory
A0002,A-presna-kopia,ponechat,"016. Oblaky z neba (Advent, JKS).xml",016. Oblaky z neba,"Advent, JKS",955fdf86,4,Bajtovo identicke subory
A0002,A-presna-kopia,kandidat na zmazanie,"016. Oblaky z neba (Advent, JKS)-1.xml",016. Oblaky z neba,"Advent, JKS",955fdf86,4,Bajtovo identicke subory
A0003,A-presna-kopia,ponechat,"018. Pán Boh všemohúci (Advent, JKS).xml",018. Pán Boh všemohúci,"Advent, JKS",6e66c1b1,8,Bajtovo identicke subory
A0003,A-presna-kopia,kandidat na zmazanie,"018. Pán Boh všemohúci (Advent, JKS)-1.xml",018. Pán Boh všemohúci,"Advent, JKS",6e66c1b1,8,Bajtovo identicke subory
A0004,A-presna-kopia,ponechat,"020. Príďže, náš milý spasiteľ (Advent, JKS).xml","020. Príďže, náš milý spasiteľ","Advent, JKS",75cdc060,4,Bajtovo identicke subory
A0004,A-presna-kopia,kandidat na zmazanie,"020. Príďže, náš milý spasiteľ (Advent, JKS)-1.xml","020. Príďže, náš milý spasiteľ","Advent, JKS",75cdc060,4,Bajtovo identicke subory
A0005,A-presna-kopia,ponechat,"021. Roste, nebesá, z výsosti (Advent, JKS).xml","021. Roste, nebesá, z výsosti","Advent, JKS",93620172,4,Bajtovo identicke subory
A0005,A-presna-kopia,kandidat na zmazanie,"021. Roste, nebesá, z výsosti (Advent, JKS)-1.xml","021. Roste, nebesá, z výsosti","Advent, JKS",93620172,4,Bajtovo identicke subory
A0006,A-presna-kopia,ponechat,"022. Už z neba posol schádza (Advent, JKS).xml",022. Už z neba posol schádza,"Advent, JKS",f428d288,4,Bajtovo identicke subory
A0006,A-presna-kopia,kandidat na zmazanie,"022. Už z neba posol schádza (Advent, JKS)-1.xml",022. Už z neba posol schádza,"Advent, JKS",f428d288,4,Bajtovo identicke subory
A0007,A-presna-kopia,ponechat,"025. V spôsobe chleba (Advent, JKS).xml",025. V spôsobe chleba,"Advent, JKS",e6c61bee,5,Bajtovo identicke subory
A0007,A-presna-kopia,kandidat na zmazanie,"025. V spôsobe chleba (Advent, JKS)-1.xml",025. V spôsobe chleba,"Advent, JKS",e6c61bee,5,Bajtovo identicke subory
A0008,A-presna-kopia,ponechat,"028. Príde Kristus, spasiteľ náš (Advent, JKS).xml","028. Príde Kristus, spasiteľ náš","Advent, JKS",8d71576e,6,Bajtovo identicke subory
A0008,A-presna-kopia,kandidat na zmazanie,"028. Príde Kristus, spasiteľ náš (Advent, JKS)-1.xml","028. Príde Kristus, spasiteľ náš","Advent, JKS",8d71576e,6,Bajtovo identicke subory
A0009,A-presna-kopia,ponechat,"029. Radujže sa, Panna slávna (Advent, JKS).xml","029. Radujže sa, Panna slávna","Advent, JKS",e4335691,4,Bajtovo identicke subory
A0009,A-presna-kopia,kandidat na zmazanie,"029. Radujže sa, Panna slávna (Advent, JKS)-1.xml","029. Radujže sa, Panna slávna","Advent, JKS",e4335691,4,Bajtovo identicke subory
A0010,A-presna-kopia,ponechat,"030. Zdravas`, krásna Pani anjelská (Advent, JKS).xml","030. Zdravas`, krásna Pani anjelská","Advent, JKS",a57c05de,5,Bajtovo identicke subory
A0010,A-presna-kopia,kandidat na zmazanie,"030. Zdravas`, krásna Pani anjelská (Advent, JKS)-1.xml","030. Zdravas`, krásna Pani anjelská","Advent, JKS",a57c05de,5,Bajtovo identicke subory
A0011,A-presna-kopia,ponechat,"031. Zdravas`, Mária, milosti plná! (Advent, JKS).xml","031. Zdravas`, Mária, milosti plná!","Advent, JKS",c7effa12,4,Bajtovo identicke subory
A0011,A-presna-kopia,kandidat na zmazanie,"031. Zdravas`, Mária, milosti plná! (Advent, JKS)-1.xml","031. Zdravas`, Mária, milosti plná!","Advent, JKS",c7effa12,4,Bajtovo identicke subory
A0012,A-presna-kopia,ponechat,"032. Zdravas`, zdravas`, ó, Mária (Advent, JKS).xml","032. Zdravas`, zdravas`, ó, Mária","Advent, JKS",6a6dd34a,4,Bajtovo identicke subory
A0012,A-presna-kopia,kandidat na zmazanie,"032. Zdravas`, zdravas`, ó, Mária (Advent, JKS)-1.xml","032. Zdravas`, zdravas`, ó, Mária","Advent, JKS",6a6dd34a,4,Bajtovo identicke subory
A0013,A-presna-kopia,ponechat,"033. Zdravas`, Mária, krásna (Advent, JKS).xml","033. Zdravas`, Mária, krásna","Advent, JKS",8fb9749d,4,Bajtovo identicke subory
A0013,A-presna-kopia,kandidat na zmazanie,"033. Zdravas`, Mária, krásna (Advent, JKS)-1.xml","033. Zdravas`, Mária, krásna","Advent, JKS",8fb9749d,4,Bajtovo identicke subory
A0014,A-presna-kopia,ponechat,"039. Búvaj, Dieťa krásne (JKS, Vianočná).xml","039. Búvaj, Dieťa krásne","Vianočná, JKS",452d6a1a,3,Bajtovo identicke subory
A0014,A-presna-kopia,kandidat na zmazanie,"039. Búvaj, Dieťa krásne (JKS, Vianočná)-1.xml","039. Búvaj, Dieťa krásne","Vianočná, JKS",452d6a1a,3,Bajtovo identicke subory
A0015,A-presna-kopia,ponechat,"040. Čas radosti, veselosti (JKS, Vianočná).xml","040. Čas radosti, veselosti","Vianočná, JKS",d2e88dfb,4,Bajtovo identicke subory
A0015,A-presna-kopia,kandidat na zmazanie,"040. Čas radosti, veselosti (JKS, Vianočná)-1.xml","040. Čas radosti, veselosti","Vianočná, JKS",d2e88dfb,4,Bajtovo identicke subory
A0016,A-presna-kopia,ponechat,"042. Aké to svetlo (JKS, Vianočná).xml",042. Aké to svetlo,"Vianočná, JKS",a6ef538f,6,Bajtovo identicke subory
A0016,A-presna-kopia,kandidat na zmazanie,"042. Aké to svetlo (JKS, Vianočná)-1.xml",042. Aké to svetlo,"Vianočná, JKS",a6ef538f,6,Bajtovo identicke subory
A0017,A-presna-kopia,ponechat,"043. Dnes sa Kristus narodil (JKS, Vianočná).xml",043. Dnes sa Kristus narodil,"Vianočná, JKS",789f1afc,6,Bajtovo identicke subory
A0017,A-presna-kopia,kandidat na zmazanie,"043. Dnes sa Kristus narodil (JKS, Vianočná)-1.xml",043. Dnes sa Kristus narodil,"Vianočná, JKS",789f1afc,6,Bajtovo identicke subory
A0018,A-presna-kopia,ponechat,"044. Narodil sa Kristus Pán (JKS, Vianočná).xml",044. Narodil sa Kristus Pán,"Vianočná, JKS",dfecc0b3,4,Bajtovo identicke subory
A0018,A-presna-kopia,kandidat na zmazanie,"044. Narodil sa Kristus Pán (JKS, Vianočná)-1.xml",044. Narodil sa Kristus Pán,"Vianočná, JKS",dfecc0b3,4,Bajtovo identicke subory
A0019,A-presna-kopia,ponechat,"045. Aký je to svit (JKS, Vianočná).xml",045. Aký je to svit,"Vianočná, JKS",5aef345b,6,Bajtovo identicke subory
A0019,A-presna-kopia,kandidat na zmazanie,"045. Aký je to svit (JKS, Vianočná)-1.xml",045. Aký je to svit,"Vianočná, JKS",5aef345b,6,Bajtovo identicke subory
A0020,A-presna-kopia,ponechat,"046. Dieťatko spanilé (JKS, Vianočná).xml",046. Dieťatko spanilé,"Vianočná, JKS",3160a19b,4,Bajtovo identicke subory
A0020,A-presna-kopia,kandidat na zmazanie,"046. Dieťatko spanilé (JKS, Vianočná)-1.xml",046. Dieťatko spanilé,"Vianočná, JKS",3160a19b,4,Bajtovo identicke subory
A0021,A-presna-kopia,ponechat,"048. Dnešný deň sa radujme (JKS, Vianočná).xml",048. Dnešný deň sa radujme,"Vianočná, JKS",53059429,3,Bajtovo identicke subory
A0021,A-presna-kopia,kandidat na zmazanie,"048. Dnešný deň sa radujme (JKS, Vianočná)-1.xml",048. Dnešný deň sa radujme,"Vianočná, JKS",53059429,3,Bajtovo identicke subory
A0022,A-presna-kopia,ponechat,"048. Dobrá novina, šťastná hodina (JKS, Vianočná).xml","048. Dobrá novina, šťastná hodina","Vianočná, JKS",196c487c,5,Bajtovo identicke subory
A0022,A-presna-kopia,kandidat na zmazanie,"048. Dobrá novina, šťastná hodina (JKS, Vianočná)-1.xml","048. Dobrá novina, šťastná hodina","Vianočná, JKS",196c487c,5,Bajtovo identicke subory
A0023,A-presna-kopia,ponechat,"050. Dobrý pastier sa narodil (JKS, Vianočná).xml",050. Dobrý pastier sa narodil,"Vianočná, JKS",92e66dc0,4,Bajtovo identicke subory
A0023,A-presna-kopia,kandidat na zmazanie,"050. Dobrý pastier sa narodil (JKS, Vianočná)-1.xml",050. Dobrý pastier sa narodil,"Vianočná, JKS",92e66dc0,4,Bajtovo identicke subory
A0024,A-presna-kopia,ponechat,"051. Do hory, do lesa, valasi (JKS, Vianočná).xml","051. Do hory, do lesa, valasi","Vianočná, JKS",9ae37d96,4,Bajtovo identicke subory
A0024,A-presna-kopia,kandidat na zmazanie,"051. Do hory, do lesa, valasi (JKS, Vianočná)-1.xml","051. Do hory, do lesa, valasi","Vianočná, JKS",9ae37d96,4,Bajtovo identicke subory
A0025,A-presna-kopia,ponechat,"052. Do mesta Betlema (JKS, Vianočná).xml",052. Do mesta Betlema,"Vianočná, JKS",5bd54cb4,5,Bajtovo identicke subory
A0025,A-presna-kopia,kandidat na zmazanie,"052. Do mesta Betlema (JKS, Vianočná)-1.xml",052. Do mesta Betlema,"Vianočná, JKS",5bd54cb4,5,Bajtovo identicke subory
A0026,A-presna-kopia,ponechat,"053. Nesiem vám noviny (JKS, Vianočná).xml",053. Nesiem vám noviny,"Vianočná, JKS",04494d28,6,Bajtovo identicke subory
A0026,A-presna-kopia,kandidat na zmazanie,"053. Nesiem vám noviny (JKS, Vianočná)-1.xml",053. Nesiem vám noviny,"Vianočná, JKS",04494d28,6,Bajtovo identicke subory
A0027,A-presna-kopia,ponechat,"058. Kyrie eleison, Kriste eleison (JKS, Vianočná).xml","058. Kyrie eleison, Kriste eleison","Vianočná, JKS",7e2a0883,6,Bajtovo identicke subory
A0027,A-presna-kopia,kandidat na zmazanie,"058. Kyrie eleison, Kriste eleison (JKS, Vianočná)-1.xml","058. Kyrie eleison, Kriste eleison","Vianočná, JKS",7e2a0883,6,Bajtovo identicke subory
A0028,A-presna-kopia,ponechat,"062. Narodil sa Spasiteľ (JKS, Vianočná).xml",062. Narodil sa Spasiteľ,"Vianočná, JKS",6452968a,4,Bajtovo identicke subory
A0028,A-presna-kopia,kandidat na zmazanie,"062. Narodil sa Spasiteľ (JKS, Vianočná)-1.xml",062. Narodil sa Spasiteľ,"Vianočná, JKS",6452968a,4,Bajtovo identicke subory
A0029,A-presna-kopia,ponechat,"064. Od nás dávno túžený (JKS, Vianočná).xml",064. Od nás dávno túžený,"Vianočná, JKS",47864814,4,Bajtovo identicke subory
A0029,A-presna-kopia,kandidat na zmazanie,"064. Od nás dávno túžený (JKS, Vianočná)-1.xml",064. Od nás dávno túžený,"Vianočná, JKS",47864814,4,Bajtovo identicke subory
A0030,A-presna-kopia,ponechat,"066. Ó, chýr preblahý (JKS, Vianočná).xml","066. Ó, chýr preblahý","Vianočná, JKS",65b59dae,4,Bajtovo identicke subory
A0030,A-presna-kopia,kandidat na zmazanie,"066. Ó, chýr preblahý (JKS, Vianočná)-1.xml","066. Ó, chýr preblahý","Vianočná, JKS",65b59dae,4,Bajtovo identicke subory
A0031,A-presna-kopia,ponechat,"068. Pastieri, pastieri, hore vstaňte (JKS, Vianočná).xml","068. Pastieri, pastieri, hore vstaňte","Vianočná, JKS",f88897b9,4,Bajtovo identicke subory
A0031,A-presna-kopia,kandidat na zmazanie,"068. Pastieri, pastieri, hore vstaňte (JKS, Vianočná)-1.xml","068. Pastieri, pastieri, hore vstaňte","Vianočná, JKS",f88897b9,4,Bajtovo identicke subory
A0032,A-presna-kopia,ponechat,"076. Povedzte nám, pastierovia (JKS, Vianočná).xml","076. Povedzte nám, pastierovia","Vianočná, JKS",3c27bbaa,4,Bajtovo identicke subory
A0032,A-presna-kopia,kandidat na zmazanie,"076. Povedzte nám, pastierovia (JKS, Vianočná)-1.xml","076. Povedzte nám, pastierovia","Vianočná, JKS",3c27bbaa,4,Bajtovo identicke subory
A0033,A-presna-kopia,ponechat,"082. Sem, sem, Dieťatko (JKS, Vianočná).xml","082. Sem, sem, Dieťatko","Vianočná, JKS",a306c3ef,3,Bajtovo identicke subory
A0033,A-presna-kopia,kandidat na zmazanie,"082. Sem, sem, Dieťatko (JKS, Vianočná)-1.xml","082. Sem, sem, Dieťatko","Vianočná, JKS",a306c3ef,3,Bajtovo identicke subory
A0034,A-presna-kopia,ponechat,"088. Tichá noc, svätá noc! (JKS, Vianočná).xml","088. Tichá noc, svätá noc!","Vianočná, JKS",2c9ed8aa,3,Bajtovo identicke subory
A0034,A-presna-kopia,kandidat na zmazanie,"088. Tichá noc, svätá noc! (JKS, Vianočná)-1.xml","088. Tichá noc, svätá noc!","Vianočná, JKS",2c9ed8aa,3,Bajtovo identicke subory
A0035,A-presna-kopia,ponechat,"090. Tebe sa tu klaniame (JKS, Vianočná).xml",090. Tebe sa tu klaniame,"Vianočná, JKS",60751620,5,Bajtovo identicke subory
A0035,A-presna-kopia,kandidat na zmazanie,"090. Tebe sa tu klaniame (JKS, Vianočná)-1.xml",090. Tebe sa tu klaniame,"Vianočná, JKS",60751620,5,Bajtovo identicke subory
A0036,A-presna-kopia,ponechat,"095. Vstávajte, pastieri, berte sa hor`, (JKS, Vianočná).xml","095. Vstávajte, pastieri, berte sa hor`,","Vianočná, JKS",d6831e27,5,Bajtovo identicke subory
A0036,A-presna-kopia,kandidat na zmazanie,"095. Vstávajte, pastieri, berte sa hor`, (JKS, Vianočná)-1.xml","095. Vstávajte, pastieri, berte sa hor`,","Vianočná, JKS",d6831e27,5,Bajtovo identicke subory
A0037,A-presna-kopia,ponechat,"096. Vítame ťa, sväté Dieťa (JKS, Vianočná).xml","096. Vítame ťa, sväté Dieťa","Vianočná, JKS",1534f99f,4,Bajtovo identicke subory
A0037,A-presna-kopia,kandidat na zmazanie,"096. Vítame ťa, sväté Dieťa (JKS, Vianočná)-1.xml","096. Vítame ťa, sväté Dieťa","Vianočná, JKS",1534f99f,4,Bajtovo identicke subory
A0038,A-presna-kopia,ponechat,"097. Z Panny Pán Ježiš je narodený (JKS, Vianočná).xml",097. Z Panny Pán Ježiš je narodený,"Vianočná, JKS",54f867b7,5,Bajtovo identicke subory
A0038,A-presna-kopia,kandidat na zmazanie,"097. Z Panny Pán Ježiš je narodený (JKS, Vianočná)-1.xml",097. Z Panny Pán Ježiš je narodený,"Vianočná, JKS",54f867b7,5,Bajtovo identicke subory
A0039,A-presna-kopia,ponechat,"102. Ďakujeme, Ochranca náš (JKS).xml","102. Ďakujeme, Ochranca náš",JKS,7a5d7a07,4,Bajtovo identicke subory
A0039,A-presna-kopia,kandidat na zmazanie,"102. Ďakujeme, Ochranca náš (JKS)-1.xml","102. Ďakujeme, Ochranca náš",JKS,7a5d7a07,4,Bajtovo identicke subory
A0040,A-presna-kopia,ponechat,"104. Pán časov, Bože milý (JKS).xml","104. Pán časov, Bože milý",JKS,e751338a,3,Bajtovo identicke subory
A0040,A-presna-kopia,kandidat na zmazanie,"104. Pán časov, Bože milý (JKS)-1.xml","104. Pán časov, Bože milý",JKS,e751338a,3,Bajtovo identicke subory
A0041,A-presna-kopia,ponechat,"105. Ó, Ježišu, buď k pomoci (JKS).xml","105. Ó, Ježišu, buď k pomoci",JKS,b512f404,3,Bajtovo identicke subory
A0041,A-presna-kopia,kandidat na zmazanie,"105. Ó, Ježišu, buď k pomoci (JKS)-1.xml","105. Ó, Ježišu, buď k pomoci",JKS,b512f404,3,Bajtovo identicke subory
A0042,A-presna-kopia,ponechat,106. Nový rok beží (JKS).xml,106. Nový rok beží,JKS,4848ef45,5,Bajtovo identicke subory
A0042,A-presna-kopia,kandidat na zmazanie,106. Nový rok beží (JKS)-1.xml,106. Nový rok beží,JKS,4848ef45,5,Bajtovo identicke subory
A0043,A-presna-kopia,ponechat,107. Veseľ sa ľudské stvorenie (JKS).xml,107. Veseľ sa ľudské stvorenie,JKS,5f3fac1f,6,Bajtovo identicke subory
A0043,A-presna-kopia,kandidat na zmazanie,107. Veseľ sa ľudské stvorenie (JKS)-1.xml,107. Veseľ sa ľudské stvorenie,JKS,5f3fac1f,6,Bajtovo identicke subory
A0044,A-presna-kopia,ponechat,"113. Tri zázraky sa dnes stali (JKS, Traja králi).xml",113. Tri zázraky sa dnes stali,"Traja králi, JKS",30ffa9c4,5,Bajtovo identicke subory
A0044,A-presna-kopia,kandidat na zmazanie,"113. Tri zázraky sa dnes stali (JKS, Traja králi)-1.xml",113. Tri zázraky sa dnes stali,"Traja králi, JKS",30ffa9c4,5,Bajtovo identicke subory
A0045,A-presna-kopia,ponechat,"114. Ježiš sladký, dušiam hosť si (JKS).xml","114. Ježiš sladký, dušiam hosť si",JKS,4886b12a,3,Bajtovo identicke subory
A0045,A-presna-kopia,kandidat na zmazanie,"114. Ježiš sladký, dušiam hosť si (JKS)-1.xml","114. Ježiš sladký, dušiam hosť si",JKS,4886b12a,3,Bajtovo identicke subory
A0046,A-presna-kopia,ponechat,"115. Ježišu, Ježišu (JKS).xml","115. Ježišu, Ježišu",JKS,d5fbc880,6,Bajtovo identicke subory
A0046,A-presna-kopia,kandidat na zmazanie,"115. Ježišu, Ježišu (JKS)-1.xml","115. Ježišu, Ježišu",JKS,d5fbc880,6,Bajtovo identicke subory
A0047,A-presna-kopia,ponechat,"116. Ježišu, vznešená zbožnosti odmena (JKS).xml","116. Ježišu, vznešená zbožnosti odmena",JKS,804e8e51,5,Bajtovo identicke subory
A0047,A-presna-kopia,kandidat na zmazanie,"116. Ježišu, vznešená zbožnosti odmena (JKS)-1.xml","116. Ježišu, vznešená zbožnosti odmena",JKS,804e8e51,5,Bajtovo identicke subory
A0048,A-presna-kopia,ponechat,"117. Kde je Ježiš, moja žiadosť (JKS).xml","117. Kde je Ježiš, moja žiadosť",JKS,911bcb10,4,Bajtovo identicke subory
A0048,A-presna-kopia,kandidat na zmazanie,"117. Kde je Ježiš, moja žiadosť (JKS)-1.xml","117. Kde je Ježiš, moja žiadosť",JKS,911bcb10,4,Bajtovo identicke subory
A0049,A-presna-kopia,ponechat,118. Kdes` moje spasenie (JKS).xml,118. Kdes` moje spasenie,JKS,5c1aefc5,7,Bajtovo identicke subory
A0049,A-presna-kopia,kandidat na zmazanie,118. Kdes` moje spasenie (JKS)-1.xml,118. Kdes` moje spasenie,JKS,5c1aefc5,7,Bajtovo identicke subory
A0050,A-presna-kopia,ponechat,"120. Ó Ježišu, môj priateľu (JKS).xml","120. Ó Ježišu, môj priateľu",JKS,28efa379,5,Bajtovo identicke subory
A0050,A-presna-kopia,kandidat na zmazanie,"120. Ó Ježišu, môj priateľu (JKS)-1.xml","120. Ó Ježišu, môj priateľu",JKS,28efa379,5,Bajtovo identicke subory
A0051,A-presna-kopia,ponechat,121. Čo trpieť má Spasiteľ náš (JKS).xml,121. Čo trpieť má Spasiteľ náš,JKS,4a56996a,4,Bajtovo identicke subory
A0051,A-presna-kopia,kandidat na zmazanie,121. Čo trpieť má Spasiteľ náš (JKS)-1.xml,121. Čo trpieť má Spasiteľ náš,JKS,4a56996a,4,Bajtovo identicke subory
A0052,A-presna-kopia,ponechat,"122. Pán Boh, ktorý všetko stvoril (JKS).xml","122. Pán Boh, ktorý všetko stvoril",JKS,e7114b67,5,Bajtovo identicke subory
A0052,A-presna-kopia,kandidat na zmazanie,"122. Pán Boh, ktorý všetko stvoril (JKS)-1.xml","122. Pán Boh, ktorý všetko stvoril",JKS,e7114b67,5,Bajtovo identicke subory
A0053,A-presna-kopia,ponechat,125. (JKS).xml,125.,JKS,d6adc678,5,Bajtovo identicke subory
A0053,A-presna-kopia,kandidat na zmazanie,125. (JKS)-1.xml,125.,JKS,d6adc678,5,Bajtovo identicke subory
A0054,A-presna-kopia,ponechat,126. (JKS).xml,126.,JKS,658f68cd,5,Bajtovo identicke subory
A0054,A-presna-kopia,kandidat na zmazanie,126. (JKS)-1.xml,126.,JKS,658f68cd,5,Bajtovo identicke subory
A0055,A-presna-kopia,ponechat,127. (JKS).xml,127.,JKS,09885ee0,7,Bajtovo identicke subory
A0055,A-presna-kopia,kandidat na zmazanie,127. (JKS)-1.xml,127.,JKS,09885ee0,7,Bajtovo identicke subory
A0056,A-presna-kopia,ponechat,128. (JKS).xml,128.,JKS,de024ba8,5,Bajtovo identicke subory
A0056,A-presna-kopia,kandidat na zmazanie,128. (JKS)-1.xml,128.,JKS,de024ba8,5,Bajtovo identicke subory
A0057,A-presna-kopia,ponechat,"129. Ach, kríž svätý (JKS, Pôstna).xml","129. Ach, kríž svätý","JKS, Pôstna",52a8c5e9,8,Bajtovo identicke subory
A0057,A-presna-kopia,kandidat na zmazanie,"129. Ach, kríž svätý (JKS, Pôstna)-1.xml","129. Ach, kríž svätý","JKS, Pôstna",52a8c5e9,8,Bajtovo identicke subory
A0058,A-presna-kopia,ponechat,130. (JKS).xml,130.,JKS,5a71b89e,6,Bajtovo identicke subory
A0058,A-presna-kopia,kandidat na zmazanie,130. (JKS)-1.xml,130.,JKS,5a71b89e,6,Bajtovo identicke subory
A0059,A-presna-kopia,ponechat,"131. Ach, poďte, kresťania (JKS, Pôstna).xml","131. Ach, poďte, kresťania","JKS, Pôstna",34ee748e,7,Bajtovo identicke subory
A0059,A-presna-kopia,kandidat na zmazanie,"131. Ach, poďte, kresťania (JKS, Pôstna)-1.xml","131. Ach, poďte, kresťania","JKS, Pôstna",34ee748e,7,Bajtovo identicke subory
A0060,A-presna-kopia,ponechat,132. (JKS).xml,132.,JKS,977e5f06,4,Bajtovo identicke subory
A0060,A-presna-kopia,kandidat na zmazanie,132. (JKS)-1.xml,132.,JKS,977e5f06,4,Bajtovo identicke subory
A0061,A-presna-kopia,ponechat,133. (JKS).xml,133.,JKS,b462550b,8,Bajtovo identicke subory
A0061,A-presna-kopia,kandidat na zmazanie,133. (JKS)-1.xml,133.,JKS,b462550b,8,Bajtovo identicke subory
A0062,A-presna-kopia,ponechat,134. (JKS).xml,134.,JKS,e14839eb,6,Bajtovo identicke subory
A0062,A-presna-kopia,kandidat na zmazanie,134. (JKS)-1.xml,134.,JKS,e14839eb,6,Bajtovo identicke subory
A0063,A-presna-kopia,ponechat,135. (JKS).xml,135.,JKS,ca977c1f,3,Bajtovo identicke subory
A0063,A-presna-kopia,kandidat na zmazanie,135. (JKS)-1.xml,135.,JKS,ca977c1f,3,Bajtovo identicke subory
A0064,A-presna-kopia,ponechat,136. (JKS).xml,136.,JKS,a29825bf,4,Bajtovo identicke subory
A0064,A-presna-kopia,kandidat na zmazanie,136. (JKS)-1.xml,136.,JKS,a29825bf,4,Bajtovo identicke subory
A0065,A-presna-kopia,ponechat,137. (JKS).xml,137.,JKS,7ecd0a84,4,Bajtovo identicke subory
A0065,A-presna-kopia,kandidat na zmazanie,137. (JKS)-1.xml,137.,JKS,7ecd0a84,4,Bajtovo identicke subory
A0066,A-presna-kopia,ponechat,138. (JKS).xml,138.,JKS,58ecb90e,4,Bajtovo identicke subory
A0066,A-presna-kopia,kandidat na zmazanie,138. (JKS)-1.xml,138.,JKS,58ecb90e,4,Bajtovo identicke subory
A0067,A-presna-kopia,ponechat,139. (JKS).xml,139.,JKS,835c1f57,5,Bajtovo identicke subory
A0067,A-presna-kopia,kandidat na zmazanie,139. (JKS)-1.xml,139.,JKS,835c1f57,5,Bajtovo identicke subory
A0068,A-presna-kopia,ponechat,140. (JKS).xml,140.,JKS,2d6b86f0,7,Bajtovo identicke subory
A0068,A-presna-kopia,kandidat na zmazanie,140. (JKS)-1.xml,140.,JKS,2d6b86f0,7,Bajtovo identicke subory
A0069,A-presna-kopia,ponechat,141. (JKS).xml,141.,JKS,28f8a099,4,Bajtovo identicke subory
A0069,A-presna-kopia,kandidat na zmazanie,141. (JKS)-1.xml,141.,JKS,28f8a099,4,Bajtovo identicke subory
A0070,A-presna-kopia,ponechat,142. (JKS).xml,142.,JKS,c1aa297c,5,Bajtovo identicke subory
A0070,A-presna-kopia,kandidat na zmazanie,142. (JKS)-1.xml,142.,JKS,c1aa297c,5,Bajtovo identicke subory
A0071,A-presna-kopia,ponechat,143. (JKS).xml,143.,JKS,8c5a2c45,3,Bajtovo identicke subory
A0071,A-presna-kopia,kandidat na zmazanie,143. (JKS)-1.xml,143.,JKS,8c5a2c45,3,Bajtovo identicke subory
A0072,A-presna-kopia,ponechat,144. (JKS).xml,144.,JKS,335eae47,4,Bajtovo identicke subory
A0072,A-presna-kopia,kandidat na zmazanie,144. (JKS)-1.xml,144.,JKS,335eae47,4,Bajtovo identicke subory
A0073,A-presna-kopia,ponechat,145. (JKS).xml,145.,JKS,51f03f8a,8,Bajtovo identicke subory
A0073,A-presna-kopia,kandidat na zmazanie,145. (JKS)-1.xml,145.,JKS,51f03f8a,8,Bajtovo identicke subory
A0074,A-presna-kopia,ponechat,147. (JKS).xml,147.,JKS,297808fd,4,Bajtovo identicke subory
A0074,A-presna-kopia,kandidat na zmazanie,147. (JKS)-1.xml,147.,JKS,297808fd,4,Bajtovo identicke subory
A0075,A-presna-kopia,ponechat,"148. Kresťania, nariekajte (JKS).xml","148. Kresťania, nariekajte",JKS,70df0af9,5,Bajtovo identicke subory
A0075,A-presna-kopia,kandidat na zmazanie,"148. Kresťania, nariekajte (JKS)-1.xml","148. Kresťania, nariekajte",JKS,70df0af9,5,Bajtovo identicke subory
A0076,A-presna-kopia,ponechat,149. (JKS).xml,149.,JKS,efbc3639,6,Bajtovo identicke subory
A0076,A-presna-kopia,kandidat na zmazanie,149. (JKS)-1.xml,149.,JKS,efbc3639,6,Bajtovo identicke subory
A0077,A-presna-kopia,ponechat,150. (JKS).xml,150.,JKS,664fbac2,10,Bajtovo identicke subory
A0077,A-presna-kopia,kandidat na zmazanie,150. (JKS)-1.xml,150.,JKS,664fbac2,10,Bajtovo identicke subory
A0078,A-presna-kopia,ponechat,151. (JKS).xml,151.,JKS,b7e456ba,6,Bajtovo identicke subory
A0078,A-presna-kopia,kandidat na zmazanie,151. (JKS)-1.xml,151.,JKS,b7e456ba,6,Bajtovo identicke subory
A0079,A-presna-kopia,ponechat,152. Môj milý Ježišu (JKS).xml,152. Môj milý Ježišu,JKS,9c138649,4,Bajtovo identicke subory
A0079,A-presna-kopia,kandidat na zmazanie,152. Môj milý Ježišu (JKS)-1.xml,152. Môj milý Ježišu,JKS,9c138649,4,Bajtovo identicke subory
A0080,A-presna-kopia,ponechat,153. (JKS).xml,153.,JKS,4bdddae2,11,Bajtovo identicke subory
A0080,A-presna-kopia,kandidat na zmazanie,153. (JKS)-1.xml,153.,JKS,4bdddae2,11,Bajtovo identicke subory
A0081,A-presna-kopia,ponechat,154. (JKS).xml,154.,JKS,f8e770e5,5,Bajtovo identicke subory
A0081,A-presna-kopia,kandidat na zmazanie,154. (JKS)-1.xml,154.,JKS,f8e770e5,5,Bajtovo identicke subory
A0082,A-presna-kopia,ponechat,155. (JKS).xml,155.,JKS,d4d8fa32,8,Bajtovo identicke subory
A0082,A-presna-kopia,kandidat na zmazanie,155. (JKS)-1.xml,155.,JKS,d4d8fa32,8,Bajtovo identicke subory
A0083,A-presna-kopia,ponechat,156. (JKS).xml,156.,JKS,ef299532,4,Bajtovo identicke subory
A0083,A-presna-kopia,kandidat na zmazanie,156. (JKS)-1.xml,156.,JKS,ef299532,4,Bajtovo identicke subory
A0084,A-presna-kopia,ponechat,157. Ó môj Bože láskavý (JKS).xml,157. Ó môj Bože láskavý,JKS,7df774b0,5,Bajtovo identicke subory
A0084,A-presna-kopia,kandidat na zmazanie,157. Ó môj Bože láskavý (JKS)-1.xml,157. Ó môj Bože láskavý,JKS,7df774b0,5,Bajtovo identicke subory
A0085,A-presna-kopia,ponechat,"158. Omša svätá, obeť zmierna (JKS).xml","158. Omša svätá, obeť zmierna",JKS,2c3826e2,8,Bajtovo identicke subory
A0085,A-presna-kopia,kandidat na zmazanie,"158. Omša svätá, obeť zmierna (JKS)-1.xml","158. Omša svätá, obeť zmierna",JKS,2c3826e2,8,Bajtovo identicke subory
A0086,A-presna-kopia,ponechat,159. (JKS).xml,159.,JKS,2fc2535a,4,Bajtovo identicke subory
A0086,A-presna-kopia,kandidat na zmazanie,159. (JKS)-1.xml,159.,JKS,2fc2535a,4,Bajtovo identicke subory
A0087,A-presna-kopia,ponechat,160. (JKS).xml,160.,JKS,45e7e002,5,Bajtovo identicke subory
A0087,A-presna-kopia,kandidat na zmazanie,160. (JKS)-1.xml,160.,JKS,45e7e002,5,Bajtovo identicke subory
A0088,A-presna-kopia,ponechat,161. (JKS).xml,161.,JKS,bb37add2,4,Bajtovo identicke subory
A0088,A-presna-kopia,kandidat na zmazanie,161. (JKS)-1.xml,161.,JKS,bb37add2,4,Bajtovo identicke subory
A0089,A-presna-kopia,ponechat,162. (JKS).xml,162.,JKS,c8a976d1,6,Bajtovo identicke subory
A0089,A-presna-kopia,kandidat na zmazanie,162. (JKS)-1.xml,162.,JKS,c8a976d1,6,Bajtovo identicke subory
A0090,A-presna-kopia,ponechat,163. (JKS).xml,163.,JKS,8821af3a,4,Bajtovo identicke subory
A0090,A-presna-kopia,kandidat na zmazanie,163. (JKS)-1.xml,163.,JKS,8821af3a,4,Bajtovo identicke subory
A0091,A-presna-kopia,ponechat,164. (JKS).xml,164.,JKS,e5bb19d8,4,Bajtovo identicke subory
A0091,A-presna-kopia,kandidat na zmazanie,164. (JKS)-1.xml,164.,JKS,e5bb19d8,4,Bajtovo identicke subory
A0092,A-presna-kopia,ponechat,165. (JKS).xml,165.,JKS,4f3ef88b,7,Bajtovo identicke subory
A0092,A-presna-kopia,kandidat na zmazanie,165. (JKS)-1.xml,165.,JKS,4f3ef88b,7,Bajtovo identicke subory
A0093,A-presna-kopia,ponechat,167. (JKS).xml,167.,JKS,58c8ab98,8,Bajtovo identicke subory
A0093,A-presna-kopia,kandidat na zmazanie,167. (JKS)-1.xml,167.,JKS,58c8ab98,8,Bajtovo identicke subory
A0094,A-presna-kopia,ponechat,168. (JKS).xml,168.,JKS,19d42235,5,Bajtovo identicke subory
A0094,A-presna-kopia,kandidat na zmazanie,168. (JKS)-1.xml,168.,JKS,19d42235,5,Bajtovo identicke subory
A0095,A-presna-kopia,ponechat,169. (JKS).xml,169.,JKS,0c52cbcb,9,Bajtovo identicke subory
A0095,A-presna-kopia,kandidat na zmazanie,169. (JKS)-1.xml,169.,JKS,0c52cbcb,9,Bajtovo identicke subory
A0096,A-presna-kopia,ponechat,170. (JKS).xml,170.,JKS,56e2145a,5,Bajtovo identicke subory
A0096,A-presna-kopia,kandidat na zmazanie,170. (JKS)-1.xml,170.,JKS,56e2145a,5,Bajtovo identicke subory
A0097,A-presna-kopia,ponechat,171. (JKS).xml,171.,JKS,201aa524,5,Bajtovo identicke subory
A0097,A-presna-kopia,kandidat na zmazanie,171. (JKS)-1.xml,171.,JKS,201aa524,5,Bajtovo identicke subory
A0098,A-presna-kopia,ponechat,"172. Stála Matka bolestivá (JKS, krížová cesta).xml",172. Stála Matka bolestivá,"JKS, krížová cesta",e0521264,16,Bajtovo identicke subory
A0098,A-presna-kopia,kandidat na zmazanie,"172. Stála Matka bolestivá (JKS, krížová cesta)-1.xml",172. Stála Matka bolestivá,"JKS, krížová cesta",e0521264,16,Bajtovo identicke subory
A0099,A-presna-kopia,ponechat,173. S pobožnosťou oslavujme (JKS).xml,173. S pobožnosťou oslavujme,JKS,2d1cb325,3,Bajtovo identicke subory
A0099,A-presna-kopia,kandidat na zmazanie,173. S pobožnosťou oslavujme (JKS)-1.xml,173. S pobožnosťou oslavujme,JKS,2d1cb325,3,Bajtovo identicke subory
A0100,A-presna-kopia,ponechat,174. (JKS).xml,174.,JKS,5e41ff83,4,Bajtovo identicke subory
A0100,A-presna-kopia,kandidat na zmazanie,174. (JKS)-1.xml,174.,JKS,5e41ff83,4,Bajtovo identicke subory
A0101,A-presna-kopia,ponechat,175. (JKS).xml,175.,JKS,96a8cad1,7,Bajtovo identicke subory
A0101,A-presna-kopia,kandidat na zmazanie,175. (JKS)-1.xml,175.,JKS,96a8cad1,7,Bajtovo identicke subory
A0102,A-presna-kopia,ponechat,176. (JKS).xml,176.,JKS,5cedbb02,8,Bajtovo identicke subory
A0102,A-presna-kopia,kandidat na zmazanie,176. (JKS)-1.xml,176.,JKS,5cedbb02,8,Bajtovo identicke subory
A0103,A-presna-kopia,ponechat,177. (JKS).xml,177.,JKS,e00b3136,7,Bajtovo identicke subory
A0103,A-presna-kopia,kandidat na zmazanie,177. (JKS)-1.xml,177.,JKS,e00b3136,7,Bajtovo identicke subory
A0104,A-presna-kopia,ponechat,"178. Čo stanica prvá (JKS, krížová cesta).xml",178. Čo stanica prvá,"JKS, krížová cesta",60e51f76,15,Bajtovo identicke subory
A0104,A-presna-kopia,kandidat na zmazanie,"178. Čo stanica prvá (JKS, krížová cesta)-1.xml",178. Čo stanica prvá,"JKS, krížová cesta",60e51f76,15,Bajtovo identicke subory
A0105,A-presna-kopia,ponechat,179. (JKS).xml,179.,JKS,134cc81d,16,Bajtovo identicke subory
A0105,A-presna-kopia,kandidat na zmazanie,179. (JKS)-1.xml,179.,JKS,134cc81d,16,Bajtovo identicke subory
A0106,A-presna-kopia,ponechat,180. (JKS).xml,180.,JKS,d54dc213,5,Bajtovo identicke subory
A0106,A-presna-kopia,kandidat na zmazanie,180. (JKS)-1.xml,180.,JKS,d54dc213,5,Bajtovo identicke subory
A0107,A-presna-kopia,ponechat,"181. Rozjímať o umučení (JKS, krížová cesta).xml",181. Rozjímať o umučení,"krížová cesta, JKS",0de01c21,16,Bajtovo identicke subory
A0107,A-presna-kopia,kandidat na zmazanie,"181. Rozjímať o umučení (JKS, krížová cesta)-1.xml",181. Rozjímať o umučení,"krížová cesta, JKS",0de01c21,16,Bajtovo identicke subory
A0108,A-presna-kopia,ponechat,182. (JKS).xml,182.,JKS,2f76a50f,1,Bajtovo identicke subory
A0108,A-presna-kopia,kandidat na zmazanie,182. (JKS)-1.xml,182.,JKS,2f76a50f,1,Bajtovo identicke subory
A0109,A-presna-kopia,ponechat,183. (JKS).xml,183.,JKS,4b8e8355,7,Bajtovo identicke subory
A0109,A-presna-kopia,kandidat na zmazanie,183. (JKS)-1.xml,183.,JKS,4b8e8355,7,Bajtovo identicke subory
A0110,A-presna-kopia,ponechat,184. (JKS).xml,184.,JKS,8dec5ee9,6,Bajtovo identicke subory
A0110,A-presna-kopia,kandidat na zmazanie,184. (JKS)-1.xml,184.,JKS,8dec5ee9,6,Bajtovo identicke subory
A0111,A-presna-kopia,ponechat,185. (JKS).xml,185.,JKS,a34524c2,6,Bajtovo identicke subory
A0111,A-presna-kopia,kandidat na zmazanie,185. (JKS)-1.xml,185.,JKS,a34524c2,6,Bajtovo identicke subory
A0112,A-presna-kopia,ponechat,186. (JKS).xml,186.,JKS,a550736b,7,Bajtovo identicke subory
A0112,A-presna-kopia,kandidat na zmazanie,186. (JKS)-1.xml,186.,JKS,a550736b,7,Bajtovo identicke subory
A0113,A-presna-kopia,ponechat,187. (JKS).xml,187.,JKS,89db77bc,10,Bajtovo identicke subory
A0113,A-presna-kopia,kandidat na zmazanie,187. (JKS)-1.xml,187.,JKS,89db77bc,10,Bajtovo identicke subory
A0114,A-presna-kopia,ponechat,"188. Ó ľude môj, národe môj (JKS).xml","188. Ó ľude môj, národe môj",JKS,b30c7acf,12,Bajtovo identicke subory
A0114,A-presna-kopia,kandidat na zmazanie,"188. Ó ľude môj, národe môj (JKS)-1.xml","188. Ó ľude môj, národe môj",JKS,b30c7acf,12,Bajtovo identicke subory
A0115,A-presna-kopia,ponechat,189. (JKS).xml,189.,JKS,aecf96e7,3,Bajtovo identicke subory
A0115,A-presna-kopia,kandidat na zmazanie,189. (JKS)-1.xml,189.,JKS,aecf96e7,3,Bajtovo identicke subory
A0116,A-presna-kopia,ponechat,190. (JKS).xml,190.,JKS,74f1ca66,11,Bajtovo identicke subory
A0116,A-presna-kopia,kandidat na zmazanie,190. (JKS)-1.xml,190.,JKS,74f1ca66,11,Bajtovo identicke subory
A0117,A-presna-kopia,ponechat,191. (JKS).xml,191.,JKS,30c2632e,3,Bajtovo identicke subory
A0117,A-presna-kopia,kandidat na zmazanie,191. (JKS)-1.xml,191.,JKS,30c2632e,3,Bajtovo identicke subory
A0118,A-presna-kopia,ponechat,"192. Pán Ježiš Kristus vstal z mŕtvych (JKS, Veľkonočná).xml",192. Pán Ježiš Kristus vstal z mŕtvych,"JKS, Veľkonočná",1f8f2e85,14,Bajtovo identicke subory
A0118,A-presna-kopia,kandidat na zmazanie,"192. Pán Ježiš Kristus vstal z mŕtvych (JKS, Veľkonočná)-1.xml",192. Pán Ježiš Kristus vstal z mŕtvych,"JKS, Veľkonočná",1f8f2e85,14,Bajtovo identicke subory
A0119,A-presna-kopia,ponechat,"193. Aleluja, radujme sa (JKS, Veľkonočná).xml","193. Aleluja, radujme sa","JKS, Veľkonočná",ac0e8037,5,Bajtovo identicke subory
A0119,A-presna-kopia,kandidat na zmazanie,"193. Aleluja, radujme sa (JKS, Veľkonočná)-1.xml","193. Aleluja, radujme sa","JKS, Veľkonočná",ac0e8037,5,Bajtovo identicke subory
A0120,A-presna-kopia,ponechat,"194. Ježiš Kristus, Spasiteľ náš (JKS, Veľkonočná).xml","194. Ježiš Kristus, Spasiteľ náš","JKS, Veľkonočná",efa7d80b,4,Bajtovo identicke subory
A0120,A-presna-kopia,kandidat na zmazanie,"194. Ježiš Kristus, Spasiteľ náš (JKS, Veľkonočná)-1.xml","194. Ježiš Kristus, Spasiteľ náš","JKS, Veľkonočná",efa7d80b,4,Bajtovo identicke subory
A0121,A-presna-kopia,ponechat,"195. Kristus celý zranený (JKS, Veľkonočná).xml",195. Kristus celý zranený,"JKS, Veľkonočná",328e07a5,5,Bajtovo identicke subory
A0121,A-presna-kopia,kandidat na zmazanie,"195. Kristus celý zranený (JKS, Veľkonočná)-1.xml",195. Kristus celý zranený,"JKS, Veľkonočná",328e07a5,5,Bajtovo identicke subory
A0122,A-presna-kopia,ponechat,"196. (JKS, Veľkonočná).xml",196.,"Veľkonočná, JKS",d21c1b2d,8,Bajtovo identicke subory
A0122,A-presna-kopia,kandidat na zmazanie,"196. (JKS, Veľkonočná)-1.xml",196.,"Veľkonočná, JKS",d21c1b2d,8,Bajtovo identicke subory
A0123,A-presna-kopia,ponechat,"197. (JKS, Veľkonočná).xml",197.,"Veľkonočná, JKS",51d6915d,3,Bajtovo identicke subory
A0123,A-presna-kopia,kandidat na zmazanie,"197. (JKS, Veľkonočná)-1.xml",197.,"Veľkonočná, JKS",51d6915d,3,Bajtovo identicke subory
A0124,A-presna-kopia,ponechat,"198. (JKS, Veľkonočná).xml",198.,"Veľkonočná, JKS",7521ffc6,1,Bajtovo identicke subory
A0124,A-presna-kopia,kandidat na zmazanie,"198. (JKS, Veľkonočná)-1.xml",198.,"Veľkonočná, JKS",7521ffc6,1,Bajtovo identicke subory
A0125,A-presna-kopia,ponechat,"199. Plesaj, všetko stvorenie (JKS, Veľkonočná).xml","199. Plesaj, všetko stvorenie","JKS, Veľkonočná",b2412e0b,5,Bajtovo identicke subory
A0125,A-presna-kopia,kandidat na zmazanie,"199. Plesaj, všetko stvorenie (JKS, Veľkonočná)-1.xml","199. Plesaj, všetko stvorenie","JKS, Veľkonočná",b2412e0b,5,Bajtovo identicke subory
A0126,A-presna-kopia,ponechat,"200. (JKS, Veľkonočná).xml",200.,"Veľkonočná, JKS",d796b98e,5,Bajtovo identicke subory
A0126,A-presna-kopia,kandidat na zmazanie,"200. (JKS, Veľkonočná)-1.xml",200.,"Veľkonočná, JKS",d796b98e,5,Bajtovo identicke subory
A0127,A-presna-kopia,ponechat,"201. Raduj sa, Cirkev Kristova (JKS, Veľkonočná).xml","201. Raduj sa, Cirkev Kristova","JKS, Veľkonočná",681d52d8,3,Bajtovo identicke subory
A0127,A-presna-kopia,kandidat na zmazanie,"201. Raduj sa, Cirkev Kristova (JKS, Veľkonočná)-1.xml","201. Raduj sa, Cirkev Kristova","JKS, Veľkonočná",681d52d8,3,Bajtovo identicke subory
A0128,A-presna-kopia,ponechat,"202. (JKS, Veľkonočná).xml",202.,"Veľkonočná, JKS",f3c4912a,3,Bajtovo identicke subory
A0128,A-presna-kopia,kandidat na zmazanie,"202. (JKS, Veľkonočná)-1.xml",202.,"Veľkonočná, JKS",f3c4912a,3,Bajtovo identicke subory
A0129,A-presna-kopia,ponechat,"203. (JKS, Veľkonočná).xml",203.,"Veľkonočná, JKS",e255f2b5,4,Bajtovo identicke subory
A0129,A-presna-kopia,kandidat na zmazanie,"203. (JKS, Veľkonočná)-1.xml",203.,"Veľkonočná, JKS",e255f2b5,4,Bajtovo identicke subory
A0130,A-presna-kopia,ponechat,"204. (JKS, Veľkonočná).xml",204.,"Veľkonočná, JKS",bc28a76f,4,Bajtovo identicke subory
A0130,A-presna-kopia,kandidat na zmazanie,"204. (JKS, Veľkonočná)-1.xml",204.,"Veľkonočná, JKS",bc28a76f,4,Bajtovo identicke subory
A0131,A-presna-kopia,ponechat,"205. (JKS, Veľkonočná).xml",205.,"Veľkonočná, JKS",2d58e939,3,Bajtovo identicke subory
A0131,A-presna-kopia,kandidat na zmazanie,"205. (JKS, Veľkonočná)-1.xml",205.,"Veľkonočná, JKS",2d58e939,3,Bajtovo identicke subory
A0132,A-presna-kopia,ponechat,"206. (JKS, Veľkonočná).xml",206.,"Veľkonočná, JKS",ae2fd47e,5,Bajtovo identicke subory
A0132,A-presna-kopia,kandidat na zmazanie,"206. (JKS, Veľkonočná)-1.xml",206.,"Veľkonočná, JKS",ae2fd47e,5,Bajtovo identicke subory
A0133,A-presna-kopia,ponechat,"207. (JKS, Veľkonočná).xml",207.,"Veľkonočná, JKS",39512613,7,Bajtovo identicke subory
A0133,A-presna-kopia,kandidat na zmazanie,"207. (JKS, Veľkonočná)-1.xml",207.,"Veľkonočná, JKS",39512613,7,Bajtovo identicke subory
A0134,A-presna-kopia,ponechat,"208. Víťaz Kristus z mŕtvych vstáva (JKS, Veľkonočná).xml",208. Víťaz Kristus z mŕtvych vstáva,"JKS, Veľkonočná",f9a8f4d1,4,Bajtovo identicke subory
A0134,A-presna-kopia,kandidat na zmazanie,"208. Víťaz Kristus z mŕtvych vstáva (JKS, Veľkonočná)-1.xml",208. Víťaz Kristus z mŕtvych vstáva,"JKS, Veľkonočná",f9a8f4d1,4,Bajtovo identicke subory
A0135,A-presna-kopia,ponechat,"209. Obeť svoju veľkonočnú (JKS, Veľkonočná).xml",209. Obeť svoju veľkonočnú,"JKS, Veľkonočná",1767c384,7,Bajtovo identicke subory
A0135,A-presna-kopia,kandidat na zmazanie,"209. Obeť svoju veľkonočnú (JKS, Veľkonočná)-1.xml",209. Obeť svoju veľkonočnú,"JKS, Veľkonočná",1767c384,7,Bajtovo identicke subory
A0136,A-presna-kopia,ponechat,"210. Základ Cirkvi je na skale (JKS, Veľkonočná).xml",210. Základ Cirkvi je na skale,"JKS, Veľkonočná",6f123212,8,Bajtovo identicke subory
A0136,A-presna-kopia,kandidat na zmazanie,"210. Základ Cirkvi je na skale (JKS, Veľkonočná)-1.xml",210. Základ Cirkvi je na skale,"JKS, Veľkonočná",6f123212,8,Bajtovo identicke subory
A0137,A-presna-kopia,ponechat,"211. Žiaľ v radosť sa už premenil (JKS, Veľkonočná).xml",211. Žiaľ v radosť sa už premenil,"JKS, Veľkonočná",0f204b7c,4,Bajtovo identicke subory
A0137,A-presna-kopia,kandidat na zmazanie,"211. Žiaľ v radosť sa už premenil (JKS, Veľkonočná)-1.xml",211. Žiaľ v radosť sa už premenil,"JKS, Veľkonočná",0f204b7c,4,Bajtovo identicke subory
A0138,A-presna-kopia,ponechat,"212. Hľa, žiarou skvie sa Kristov hrob (JKS, Veľkonočná).xml","212. Hľa, žiarou skvie sa Kristov hrob","JKS, Veľkonočná",3e7b2d65,3,Bajtovo identicke subory
A0138,A-presna-kopia,kandidat na zmazanie,"212. Hľa, žiarou skvie sa Kristov hrob (JKS, Veľkonočná)-1.xml","212. Hľa, žiarou skvie sa Kristov hrob","JKS, Veľkonočná",3e7b2d65,3,Bajtovo identicke subory
A0139,A-presna-kopia,ponechat,"214. Kristus Pán na nebo vstúpil (JKS, Nanebovstúpenie).xml",214. Kristus Pán na nebo vstúpil,"Nanebovstúpenie, JKS",6b90675d,5,Bajtovo identicke subory
A0139,A-presna-kopia,kandidat na zmazanie,"214. Kristus Pán na nebo vstúpil (JKS, Nanebovstúpenie)-1.xml",214. Kristus Pán na nebo vstúpil,"Nanebovstúpenie, JKS",6b90675d,5,Bajtovo identicke subory
A0140,A-presna-kopia,ponechat,"215. (JKS, Nanebovstúpenie).xml",215.,"Nanebovstúpenie, JKS",ad5dce08,7,Bajtovo identicke subory
A0140,A-presna-kopia,kandidat na zmazanie,"215. (JKS, Nanebovstúpenie)-1.xml",215.,"Nanebovstúpenie, JKS",ad5dce08,7,Bajtovo identicke subory
A0141,A-presna-kopia,ponechat,"216. (JKS, Nanebovstúpenie).xml",216.,"Nanebovstúpenie, JKS",432fea2f,5,Bajtovo identicke subory
A0141,A-presna-kopia,kandidat na zmazanie,"216. (JKS, Nanebovstúpenie)-1.xml",216.,"Nanebovstúpenie, JKS",432fea2f,5,Bajtovo identicke subory
A0142,A-presna-kopia,ponechat,"218. (Duch svätý, JKS).xml",218.,"Duch svätý, JKS",e9deed1d,7,Bajtovo identicke subory
A0142,A-presna-kopia,kandidat na zmazanie,"218. (Duch svätý, JKS)-1.xml",218.,"Duch svätý, JKS",e9deed1d,7,Bajtovo identicke subory
A0143,A-presna-kopia,ponechat,"219. Leť, prosba naša, k výšinám (Duch svätý, JKS).xml","219. Leť, prosba naša, k výšinám","Duch svätý, JKS",09f26e1f,5,Bajtovo identicke subory
A0143,A-presna-kopia,kandidat na zmazanie,"219. Leť, prosba naša, k výšinám (Duch svätý, JKS)-1.xml","219. Leť, prosba naša, k výšinám","Duch svätý, JKS",09f26e1f,5,Bajtovo identicke subory
A0144,A-presna-kopia,ponechat,220. (JKS).xml,220.,JKS,8c31dda4,5,Bajtovo identicke subory
A0144,A-presna-kopia,kandidat na zmazanie,220. (JKS)-1.xml,220.,JKS,8c31dda4,5,Bajtovo identicke subory
A0145,A-presna-kopia,ponechat,221. (JKS).xml,221.,JKS,57da039e,5,Bajtovo identicke subory
A0145,A-presna-kopia,kandidat na zmazanie,221. (JKS)-1.xml,221.,JKS,57da039e,5,Bajtovo identicke subory
A0146,A-presna-kopia,ponechat,222. (JKS).xml,222.,JKS,19403c6b,3,Bajtovo identicke subory
A0146,A-presna-kopia,kandidat na zmazanie,222. (JKS)-1.xml,222.,JKS,19403c6b,3,Bajtovo identicke subory
A0147,A-presna-kopia,ponechat,"223. b. pri procesii - pri 1.oltári (JKS, Na Božie Telo).xml",223. b. pri procesii - pri 1.oltári,"Na Božie Telo, JKS",35048b26,1,Bajtovo identicke subory
A0147,A-presna-kopia,kandidat na zmazanie,"223. b. pri procesii - pri 1.oltári (JKS, Na Božie Telo)-1.xml",223. b. pri procesii - pri 1.oltári,"Na Božie Telo, JKS",35048b26,1,Bajtovo identicke subory
A0148,A-presna-kopia,ponechat,"224. pri 2.oltári (JKS, Na Božie Telo).xml",224. pri 2.oltári,"Na Božie Telo, JKS",bb08d99a,3,Bajtovo identicke subory
A0148,A-presna-kopia,kandidat na zmazanie,"224. pri 2.oltári (JKS, Na Božie Telo)-1.xml",224. pri 2.oltári,"Na Božie Telo, JKS",bb08d99a,3,Bajtovo identicke subory
A0149,A-presna-kopia,ponechat,"225. pri 3.oltári (JKS, Na Božie Telo).xml",225. pri 3.oltári,"Na Božie Telo, JKS",effdf92a,3,Bajtovo identicke subory
A0149,A-presna-kopia,kandidat na zmazanie,"225. pri 3.oltári (JKS, Na Božie Telo)-1.xml",225. pri 3.oltári,"Na Božie Telo, JKS",effdf92a,3,Bajtovo identicke subory
A0150,A-presna-kopia,ponechat,"226. pri 4.oltári (JKS, Na Božie Telo).xml",226. pri 4.oltári,"Na Božie Telo, JKS",cd54e25d,3,Bajtovo identicke subory
A0150,A-presna-kopia,kandidat na zmazanie,"226. pri 4.oltári (JKS, Na Božie Telo)-1.xml",226. pri 4.oltári,"Na Božie Telo, JKS",cd54e25d,3,Bajtovo identicke subory
A0151,A-presna-kopia,ponechat,"228. Nebo i zem, vyhlasujte (Božské Srdce, JKS).xml","228. Nebo i zem, vyhlasujte","Božské Srdce, JKS",eb73e98e,10,Bajtovo identicke subory
A0151,A-presna-kopia,kandidat na zmazanie,"228. Nebo i zem, vyhlasujte (Božské Srdce, JKS)-1.xml","228. Nebo i zem, vyhlasujte","Božské Srdce, JKS",eb73e98e,10,Bajtovo identicke subory
A0152,A-presna-kopia,ponechat,"229. Oslavujme najsvätejšie Srdce Ježišovo (Božské Srdce, JKS).xml",229. Oslavujme najsvätejšie Srdce Ježišovo,"Božské Srdce, JKS",77798746,7,Bajtovo identicke subory
A0152,A-presna-kopia,kandidat na zmazanie,"229. Oslavujme najsvätejšie Srdce Ježišovo (Božské Srdce, JKS)-1.xml",229. Oslavujme najsvätejšie Srdce Ježišovo,"Božské Srdce, JKS",77798746,7,Bajtovo identicke subory
A0153,A-presna-kopia,ponechat,"230. Ó Srdce, poklad nebeský (Božské Srdce, JKS).xml","230. Ó Srdce, poklad nebeský","Božské Srdce, JKS",380f75f9,5,Bajtovo identicke subory
A0153,A-presna-kopia,kandidat na zmazanie,"230. Ó Srdce, poklad nebeský (Božské Srdce, JKS)-1.xml","230. Ó Srdce, poklad nebeský","Božské Srdce, JKS",380f75f9,5,Bajtovo identicke subory
A0154,A-presna-kopia,ponechat,"231. Pozdravujme Božské Srdce (Božské Srdce, JKS).xml",231. Pozdravujme Božské Srdce,"Božské Srdce, JKS",c5cfeacb,4,Bajtovo identicke subory
A0154,A-presna-kopia,kandidat na zmazanie,"231. Pozdravujme Božské Srdce (Božské Srdce, JKS)-1.xml",231. Pozdravujme Božské Srdce,"Božské Srdce, JKS",c5cfeacb,4,Bajtovo identicke subory
A0155,A-presna-kopia,ponechat,"232. Sem srdce k Srdcu dones (Božské Srdce, JKS).xml",232. Sem srdce k Srdcu dones,"Božské Srdce, JKS",b81bac3f,7,Bajtovo identicke subory
A0155,A-presna-kopia,kandidat na zmazanie,"232. Sem srdce k Srdcu dones (Božské Srdce, JKS)-1.xml",232. Sem srdce k Srdcu dones,"Božské Srdce, JKS",b81bac3f,7,Bajtovo identicke subory
A0156,A-presna-kopia,ponechat,"233. Tisíc ráz buď pozdravené (Božské Srdce, JKS).xml",233. Tisíc ráz buď pozdravené,"Božské Srdce, JKS",a42f25a8,5,Bajtovo identicke subory
A0156,A-presna-kopia,kandidat na zmazanie,"233. Tisíc ráz buď pozdravené (Božské Srdce, JKS)-1.xml",233. Tisíc ráz buď pozdravené,"Božské Srdce, JKS",a42f25a8,5,Bajtovo identicke subory
A0157,A-presna-kopia,ponechat,"234. Vzdajme chválu, česť i slávu (Božské Srdce, JKS).xml","234. Vzdajme chválu, česť i slávu","Božské Srdce, JKS",77615662,4,Bajtovo identicke subory
A0157,A-presna-kopia,kandidat na zmazanie,"234. Vzdajme chválu, česť i slávu (Božské Srdce, JKS)-1.xml","234. Vzdajme chválu, česť i slávu","Božské Srdce, JKS",77615662,4,Bajtovo identicke subory
A0158,A-presna-kopia,ponechat,"235. Znej, pieseň, srdcom lásky (Božské Srdce, JKS).xml","235. Znej, pieseň, srdcom lásky","Božské Srdce, JKS",42811963,7,Bajtovo identicke subory
A0158,A-presna-kopia,kandidat na zmazanie,"235. Znej, pieseň, srdcom lásky (Božské Srdce, JKS)-1.xml","235. Znej, pieseň, srdcom lásky","Božské Srdce, JKS",42811963,7,Bajtovo identicke subory
A0159,A-presna-kopia,ponechat,"238. Bože, svetov mocný Pane (JKS, Začiatok).xml","238. Bože, svetov mocný Pane","JKS, Začiatok",5efc2654,7,Bajtovo identicke subory
A0159,A-presna-kopia,kandidat na zmazanie,"238. Bože, svetov mocný Pane (JKS, Začiatok)-1.xml","238. Bože, svetov mocný Pane","JKS, Začiatok",5efc2654,7,Bajtovo identicke subory
A0160,A-presna-kopia,ponechat,"239. Bože, tvojej velebnosti (JKS, Začiatok).xml","239. Bože, tvojej velebnosti","JKS, Začiatok",09ab45a9,7,Bajtovo identicke subory
A0160,A-presna-kopia,kandidat na zmazanie,"239. Bože, tvojej velebnosti (JKS, Začiatok)-1.xml","239. Bože, tvojej velebnosti","JKS, Začiatok",09ab45a9,7,Bajtovo identicke subory
A0161,A-presna-kopia,ponechat,"240. Dietky srdca nevinného (JKS, Začiatok).xml",240. Dietky srdca nevinného,"JKS, Začiatok",e95bf30d,6,Bajtovo identicke subory
A0161,A-presna-kopia,kandidat na zmazanie,"240. Dietky srdca nevinného (JKS, Začiatok)-1.xml",240. Dietky srdca nevinného,"JKS, Začiatok",e95bf30d,6,Bajtovo identicke subory
A0162,A-presna-kopia,ponechat,"241. Hlboko sa ti klaniame (JKS, Začiatok).xml",241. Hlboko sa ti klaniame,"JKS, Začiatok",e7dced52,7,Bajtovo identicke subory
A0162,A-presna-kopia,kandidat na zmazanie,"241. Hlboko sa ti klaniame (JKS, Začiatok)-1.xml",241. Hlboko sa ti klaniame,"JKS, Začiatok",e7dced52,7,Bajtovo identicke subory
A0163,A-presna-kopia,ponechat,"242. Klaniame sa tebe, Bože (JKS, Začiatok).xml","242. Klaniame sa tebe, Bože","JKS, Začiatok",83143ac6,5,Bajtovo identicke subory
A0163,A-presna-kopia,kandidat na zmazanie,"242. Klaniame sa tebe, Bože (JKS, Začiatok)-1.xml","242. Klaniame sa tebe, Bože","JKS, Začiatok",83143ac6,5,Bajtovo identicke subory
A0164,A-presna-kopia,ponechat,"243. Kresťania, sem spiechajte (JKS, Začiatok).xml","243. Kresťania, sem spiechajte","JKS, Začiatok",4ed60ae9,8,Bajtovo identicke subory
A0164,A-presna-kopia,kandidat na zmazanie,"243. Kresťania, sem spiechajte (JKS, Začiatok)-1.xml","243. Kresťania, sem spiechajte","JKS, Začiatok",4ed60ae9,8,Bajtovo identicke subory
A0165,A-presna-kopia,ponechat,"244. K stolu božej láskavosti (JKS, Začiatok).xml",244. K stolu božej láskavosti,"JKS, Začiatok",d5ea1979,5,Bajtovo identicke subory
A0165,A-presna-kopia,kandidat na zmazanie,"244. K stolu božej láskavosti (JKS, Začiatok)-1.xml",244. K stolu božej láskavosti,"JKS, Začiatok",d5ea1979,5,Bajtovo identicke subory
A0166,A-presna-kopia,ponechat,"247. Ó Ježišu náš najmilší (JKS, Začiatok).xml",247. Ó Ježišu náš najmilší,"JKS, Začiatok",eb29c416,6,Bajtovo identicke subory
A0166,A-presna-kopia,kandidat na zmazanie,"247. Ó Ježišu náš najmilší (JKS, Začiatok)-1.xml",247. Ó Ježišu náš najmilší,"JKS, Začiatok",eb29c416,6,Bajtovo identicke subory
A0167,A-presna-kopia,ponechat,"249. Poďte, duše s radosťou (JKS, Začiatok).xml","249. Poďte, duše s radosťou","JKS, Začiatok",aa14da29,7,Bajtovo identicke subory
A0167,A-presna-kopia,kandidat na zmazanie,"249. Poďte, duše s radosťou (JKS, Začiatok)-1.xml","249. Poďte, duše s radosťou","JKS, Začiatok",aa14da29,7,Bajtovo identicke subory
A0168,A-presna-kopia,ponechat,"250. Poďte, obnovme obetu (JKS, Začiatok).xml","250. Poďte, obnovme obetu","JKS, Začiatok",a9e905da,7,Bajtovo identicke subory
A0168,A-presna-kopia,kandidat na zmazanie,"250. Poďte, obnovme obetu (JKS, Začiatok)-1.xml","250. Poďte, obnovme obetu","JKS, Začiatok",a9e905da,7,Bajtovo identicke subory
A0169,A-presna-kopia,ponechat,"251. Pred oltárom tu kľakáme (JKS, Začiatok).xml",251. Pred oltárom tu kľakáme,"JKS, Začiatok",2ea00201,7,Bajtovo identicke subory
A0169,A-presna-kopia,kandidat na zmazanie,"251. Pred oltárom tu kľakáme (JKS, Začiatok)-1.xml",251. Pred oltárom tu kľakáme,"JKS, Začiatok",2ea00201,7,Bajtovo identicke subory
A0170,A-presna-kopia,ponechat,"252. Pred trón lásky tvojej (JKS, Začiatok).xml",252. Pred trón lásky tvojej,"JKS, Začiatok",d38a8630,6,Bajtovo identicke subory
A0170,A-presna-kopia,kandidat na zmazanie,"252. Pred trón lásky tvojej (JKS, Začiatok)-1.xml",252. Pred trón lásky tvojej,"JKS, Začiatok",d38a8630,6,Bajtovo identicke subory
A0171,A-presna-kopia,ponechat,"253. Ráč nás, Pane, zbaviť neprávostí (JKS, Začiatok).xml","253. Ráč nás, Pane, zbaviť neprávostí","JKS, Začiatok",a6102927,6,Bajtovo identicke subory
A0171,A-presna-kopia,kandidat na zmazanie,"253. Ráč nás, Pane, zbaviť neprávostí (JKS, Začiatok)-1.xml","253. Ráč nás, Pane, zbaviť neprávostí","JKS, Začiatok",a6102927,6,Bajtovo identicke subory
A0172,A-presna-kopia,ponechat,"254. (JKS, Začiatok).xml",254.,"JKS, Začiatok",5254dbb8,6,Bajtovo identicke subory
A0172,A-presna-kopia,kandidat na zmazanie,"254. (JKS, Začiatok)-1.xml",254.,"JKS, Začiatok",5254dbb8,6,Bajtovo identicke subory
A0173,A-presna-kopia,ponechat,"255. Svätú obeť začíname (JKS, Začiatok).xml",255. Svätú obeť začíname,"JKS, Začiatok",3ae46952,5,Bajtovo identicke subory
A0173,A-presna-kopia,kandidat na zmazanie,"255. Svätú obeť začíname (JKS, Začiatok)-1.xml",255. Svätú obeť začíname,"JKS, Začiatok",3ae46952,5,Bajtovo identicke subory
A0174,A-presna-kopia,ponechat,"256. Tu skrušení v prach padáme (JKS, Začiatok).xml",256. Tu skrušení v prach padáme,"Začiatok, JKS",48654256,8,Bajtovo identicke subory
A0174,A-presna-kopia,kandidat na zmazanie,"256. Tu skrušení v prach padáme (JKS, Začiatok)-1.xml",256. Tu skrušení v prach padáme,"Začiatok, JKS",48654256,8,Bajtovo identicke subory
A0175,A-presna-kopia,ponechat,"258. Vstupujem do chrámu tvojho (JKS, Začiatok).xml",258. Vstupujem do chrámu tvojho,"JKS, Začiatok",1d7aea1d,5,Bajtovo identicke subory
A0175,A-presna-kopia,kandidat na zmazanie,"258. Vstupujem do chrámu tvojho (JKS, Začiatok)-1.xml",258. Vstupujem do chrámu tvojho,"JKS, Začiatok",1d7aea1d,5,Bajtovo identicke subory
A0176,A-presna-kopia,ponechat,"259. Začína sa konať pravá obeť (JKS, Začiatok).xml",259. Začína sa konať pravá obeť,"JKS, Začiatok",e34cd44b,8,Bajtovo identicke subory
A0176,A-presna-kopia,kandidat na zmazanie,"259. Začína sa konať pravá obeť (JKS, Začiatok)-1.xml",259. Začína sa konať pravá obeť,"JKS, Začiatok",e34cd44b,8,Bajtovo identicke subory
A0177,A-presna-kopia,ponechat,"261. Ach, láska preveľká Boha môjho (Eucharistické, JKS).xml","261. Ach, láska preveľká Boha môjho","Eucharistické, JKS",a959ca06,2,Bajtovo identicke subory
A0177,A-presna-kopia,kandidat na zmazanie,"261. Ach, láska preveľká Boha môjho (Eucharistické, JKS)-1.xml","261. Ach, láska preveľká Boha môjho","Eucharistické, JKS",a959ca06,2,Bajtovo identicke subory
A0178,A-presna-kopia,ponechat,"262. Ach, vitaj, vitaj nám (Eucharistické, JKS).xml","262. Ach, vitaj, vitaj nám","Eucharistické, JKS",f0755dab,6,Bajtovo identicke subory
A0178,A-presna-kopia,kandidat na zmazanie,"262. Ach, vitaj, vitaj nám (Eucharistické, JKS)-1.xml","262. Ach, vitaj, vitaj nám","Eucharistické, JKS",f0755dab,6,Bajtovo identicke subory
A0179,A-presna-kopia,ponechat,"263. Buď vždy pozdravená (Eucharistické, JKS).xml",263. Buď vždy pozdravená,"Eucharistické, JKS",3305d27e,5,Bajtovo identicke subory
A0179,A-presna-kopia,kandidat na zmazanie,"263. Buď vždy pozdravená (Eucharistické, JKS)-1.xml",263. Buď vždy pozdravená,"Eucharistické, JKS",3305d27e,5,Bajtovo identicke subory
A0180,A-presna-kopia,ponechat,"264. Buď vždy pozdravené (Eucharistické, JKS).xml",264. Buď vždy pozdravené,"Eucharistické, JKS",24e30c1b,10,Bajtovo identicke subory
A0180,A-presna-kopia,kandidat na zmazanie,"264. Buď vždy pozdravené (Eucharistické, JKS)-1.xml",264. Buď vždy pozdravené,"Eucharistické, JKS",24e30c1b,10,Bajtovo identicke subory
A0181,A-presna-kopia,ponechat,"265. Ctím teba pobožne (Eucharistické, JKS).xml",265. Ctím teba pobožne,"Eucharistické, JKS",df7389e8,4,Bajtovo identicke subory
A0181,A-presna-kopia,kandidat na zmazanie,"265. Ctím teba pobožne (Eucharistické, JKS)-1.xml",265. Ctím teba pobožne,"Eucharistické, JKS",df7389e8,4,Bajtovo identicke subory
A0182,A-presna-kopia,ponechat,"268. Chvála tebe, ó Bože (Eucharistické, JKS).xml","268. Chvála tebe, ó Bože","Eucharistické, JKS",91f083a2,3,Bajtovo identicke subory
A0182,A-presna-kopia,kandidat na zmazanie,"268. Chvála tebe, ó Bože (Eucharistické, JKS)-1.xml","268. Chvála tebe, ó Bože","Eucharistické, JKS",91f083a2,3,Bajtovo identicke subory
A0183,A-presna-kopia,ponechat,"269. Chváľ, Sione, Spasiteľa (Eucharistické, JKS).xml","269. Chváľ, Sione, Spasiteľa","Eucharistické, JKS",23ab0be4,12,Bajtovo identicke subory
A0183,A-presna-kopia,kandidat na zmazanie,"269. Chváľ, Sione, Spasiteľa (Eucharistické, JKS)-1.xml","269. Chváľ, Sione, Spasiteľa","Eucharistické, JKS",23ab0be4,12,Bajtovo identicke subory
A0184,A-presna-kopia,ponechat,"270. Klaniam sa ti vrúcne (Eucharistické, JKS).xml",270. Klaniam sa ti vrúcne,"Eucharistické, JKS",69099cc4,6,Bajtovo identicke subory
A0184,A-presna-kopia,kandidat na zmazanie,"270. Klaniam sa ti vrúcne (Eucharistické, JKS)-1.xml",270. Klaniam sa ti vrúcne,"Eucharistické, JKS",69099cc4,6,Bajtovo identicke subory
A0185,A-presna-kopia,ponechat,"271. Ktorý na oltári (Eucharistické, JKS).xml",271. Ktorý na oltári,"Eucharistické, JKS",d4639f5f,4,Bajtovo identicke subory
A0185,A-presna-kopia,kandidat na zmazanie,"271. Ktorý na oltári (Eucharistické, JKS)-1.xml",271. Ktorý na oltári,"Eucharistické, JKS",d4639f5f,4,Bajtovo identicke subory
A0186,A-presna-kopia,ponechat,"272. Kriste, zo srdca celého (Eucharistické, JKS).xml","272. Kriste, zo srdca celého","Eucharistické, JKS",40c28e9f,3,Bajtovo identicke subory
A0186,A-presna-kopia,kandidat na zmazanie,"272. Kriste, zo srdca celého (Eucharistické, JKS)-1.xml","272. Kriste, zo srdca celého","Eucharistické, JKS",40c28e9f,3,Bajtovo identicke subory
A0187,A-presna-kopia,ponechat,"273. Lásky plní Serafíni (Eucharistické, JKS).xml",273. Lásky plní Serafíni,"Eucharistické, JKS",5aa88593,4,Bajtovo identicke subory
A0187,A-presna-kopia,kandidat na zmazanie,"273. Lásky plní Serafíni (Eucharistické, JKS)-1.xml",273. Lásky plní Serafíni,"Eucharistické, JKS",5aa88593,4,Bajtovo identicke subory
A0188,A-presna-kopia,ponechat,"274. Na kolená padáme (Eucharistické, JKS).xml",274. Na kolená padáme,"Eucharistické, JKS",fbafd57e,7,Bajtovo identicke subory
A0188,A-presna-kopia,kandidat na zmazanie,"274. Na kolená padáme (Eucharistické, JKS)-1.xml",274. Na kolená padáme,"Eucharistické, JKS",fbafd57e,7,Bajtovo identicke subory
A0189,A-presna-kopia,ponechat,"275. Nepochopiteľné, nesmierne tajomstvo (Eucharistické, JKS).xml","275. Nepochopiteľné, nesmierne tajomstvo","Eucharistické, JKS",088c6b30,6,Bajtovo identicke subory
A0189,A-presna-kopia,kandidat na zmazanie,"275. Nepochopiteľné, nesmierne tajomstvo (Eucharistické, JKS)-1.xml","275. Nepochopiteľné, nesmierne tajomstvo","Eucharistické, JKS",088c6b30,6,Bajtovo identicke subory
A0190,A-presna-kopia,ponechat,"276. Ó Bože, Pane náš z vysokosti (Eucharistické, JKS).xml","276. Ó Bože, Pane náš z vysokosti","Eucharistické, JKS",7e000a58,3,Bajtovo identicke subory
A0190,A-presna-kopia,kandidat na zmazanie,"276. Ó Bože, Pane náš z vysokosti (Eucharistické, JKS)-1.xml","276. Ó Bože, Pane náš z vysokosti","Eucharistické, JKS",7e000a58,3,Bajtovo identicke subory
A0191,A-presna-kopia,ponechat,"277. Ó Ježišu, ty chlieb živý (Eucharistické, JKS).xml","277. Ó Ježišu, ty chlieb živý","Eucharistické, JKS",cde8d19b,2,Bajtovo identicke subory
A0191,A-presna-kopia,kandidat na zmazanie,"277. Ó Ježišu, ty chlieb živý (Eucharistické, JKS)-1.xml","277. Ó Ježišu, ty chlieb živý","Eucharistické, JKS",cde8d19b,2,Bajtovo identicke subory
A0192,A-presna-kopia,ponechat,"278. Ó láska, nádej, spása (Eucharistické, JKS).xml","278. Ó láska, nádej, spása","Eucharistické, JKS",46c7347a,3,Bajtovo identicke subory
A0192,A-presna-kopia,kandidat na zmazanie,"278. Ó láska, nádej, spása (Eucharistické, JKS)-1.xml","278. Ó láska, nádej, spása","Eucharistické, JKS",46c7347a,3,Bajtovo identicke subory
A0193,A-presna-kopia,ponechat,"279. Ó milí kresťania (Eucharistické, JKS).xml",279. Ó milí kresťania,"Eucharistické, JKS",3e8a0673,3,Bajtovo identicke subory
A0193,A-presna-kopia,kandidat na zmazanie,"279. Ó milí kresťania (Eucharistické, JKS)-1.xml",279. Ó milí kresťania,"Eucharistické, JKS",3e8a0673,3,Bajtovo identicke subory
A0194,A-presna-kopia,ponechat,"280. Ó vitaj, Ježišu, ty chlieb živý (Eucharistické, JKS).xml","280. Ó vitaj, Ježišu, ty chlieb živý","Eucharistické, JKS",89c78ff0,4,Bajtovo identicke subory
A0194,A-presna-kopia,kandidat na zmazanie,"280. Ó vitaj, Ježišu, ty chlieb živý (Eucharistické, JKS)-1.xml","280. Ó vitaj, Ježišu, ty chlieb živý","Eucharistické, JKS",89c78ff0,4,Bajtovo identicke subory
A0195,A-presna-kopia,ponechat,"281. Pozdravená buď, Sviatosť Oltárna (Eucharistické, JKS).xml","281. Pozdravená buď, Sviatosť Oltárna","Eucharistické, JKS",3c59145e,4,Bajtovo identicke subory
A0195,A-presna-kopia,kandidat na zmazanie,"281. Pozdravená buď, Sviatosť Oltárna (Eucharistické, JKS)-1.xml","281. Pozdravená buď, Sviatosť Oltárna","Eucharistické, JKS",3c59145e,4,Bajtovo identicke subory
A0196,A-presna-kopia,ponechat,"282. Pred tebou, Ježišu, padám na zem (Eucharistické, JKS).xml","282. Pred tebou, Ježišu, padám na zem","Eucharistické, JKS",6f77bd5f,4,Bajtovo identicke subory
A0196,A-presna-kopia,kandidat na zmazanie,"282. Pred tebou, Ježišu, padám na zem (Eucharistické, JKS)-1.xml","282. Pred tebou, Ježišu, padám na zem","Eucharistické, JKS",6f77bd5f,4,Bajtovo identicke subory
A0197,A-presna-kopia,ponechat,"283. Radosťou oplývam (Eucharistické, JKS).xml",283. Radosťou oplývam,"Eucharistické, JKS",fb54f038,5,Bajtovo identicke subory
A0197,A-presna-kopia,kandidat na zmazanie,"283. Radosťou oplývam (Eucharistické, JKS)-1.xml",283. Radosťou oplývam,"Eucharistické, JKS",fb54f038,5,Bajtovo identicke subory
A0198,A-presna-kopia,ponechat,"284. Radujme sa, ó kresťania (Eucharistické, JKS).xml","284. Radujme sa, ó kresťania","Eucharistické, JKS",f2eab7d9,3,Bajtovo identicke subory
A0198,A-presna-kopia,kandidat na zmazanie,"284. Radujme sa, ó kresťania (Eucharistické, JKS)-1.xml","284. Radujme sa, ó kresťania","Eucharistické, JKS",f2eab7d9,3,Bajtovo identicke subory
A0199,A-presna-kopia,ponechat,405. Tie šaštínske zvony (JKS).xml,405. Tie šaštínske zvony,JKS,a8e5382f,2,Bajtovo identicke subory
A0199,A-presna-kopia,kandidat na zmazanie,405. Tie šaštínske zvony (JKS)-1.xml,405. Tie šaštínske zvony,JKS,a8e5382f,2,Bajtovo identicke subory
A0200,A-presna-kopia,ponechat,419. K tebe prichádzame (JKS).xml,419. K tebe prichádzame,JKS,0980948d,2,Bajtovo identicke subory
A0200,A-presna-kopia,kandidat na zmazanie,419. K tebe prichádzame (JKS)-1.xml,419. K tebe prichádzame,JKS,0980948d,2,Bajtovo identicke subory
A0201,A-presna-kopia,ponechat,536. Ctime túto sviatosť slávnu (JKS).xml,536. Ctime túto sviatosť slávnu,JKS,54fd610a,2,Bajtovo identicke subory
A0201,A-presna-kopia,kandidat na zmazanie,536. Ctime túto sviatosť slávnu (JKS)-1.xml,536. Ctime túto sviatosť slávnu,JKS,54fd610a,2,Bajtovo identicke subory
A0202,A-presna-kopia,ponechat,Agnus Dei (Baránok Boží).xml,Agnus Dei,Baránok Boží,58ecd1d0,1,Bajtovo identicke subory
A0202,A-presna-kopia,kandidat na zmazanie,Agnus Dei (Baránok Boží)-2.xml,Agnus Dei,Baránok Boží,58ecd1d0,1,Bajtovo identicke subory
A0203,A-presna-kopia,ponechat,"Aj keď ťa nevidím, viem, že si tu (Prijímanie).xml","Aj keď ťa nevidím, viem, že si tu",Prijímanie,97e74cd8,3,Bajtovo identicke subory
A0203,A-presna-kopia,kandidat na zmazanie,"Aj keď ťa nevidím, viem, že si tu (Prijímanie)-1.xml","Aj keď ťa nevidím, viem, že si tu",Prijímanie,97e74cd8,3,Bajtovo identicke subory
A0203,A-presna-kopia,kandidat na zmazanie,"Aj keď ťa nevidím, viem, že si tu (Prijímanie)-2.xml","Aj keď ťa nevidím, viem, že si tu",Prijímanie,97e74cd8,3,Bajtovo identicke subory
A0204,A-presna-kopia,ponechat,Ak sa milujeme navzájom (Author Unknown).xml,Ak sa milujeme navzájom,Author Unknown,d3b445a7,1,Bajtovo identicke subory
A0204,A-presna-kopia,kandidat na zmazanie,Ak sa milujeme navzájom (Author Unknown)-1.xml,Ak sa milujeme navzájom,Author Unknown,d3b445a7,1,Bajtovo identicke subory
A0204,A-presna-kopia,kandidat na zmazanie,Ak sa milujeme navzájom (Author Unknown)-2.xml,Ak sa milujeme navzájom,Author Unknown,d3b445a7,1,Bajtovo identicke subory
A0205,A-presna-kopia,ponechat,Ak ľud môjho mena sa pokorí (Pôstna).xml,Ak ľud môjho mena sa pokorí,Pôstna,1d2e9a9c,1,Bajtovo identicke subory
A0205,A-presna-kopia,kandidat na zmazanie,Ak ľud môjho mena sa pokorí (Pôstna)-1.xml,Ak ľud môjho mena sa pokorí,Pôstna,1d2e9a9c,1,Bajtovo identicke subory
A0205,A-presna-kopia,kandidat na zmazanie,Ak ľud môjho mena sa pokorí (Pôstna)-2.xml,Ak ľud môjho mena sa pokorí,Pôstna,1d2e9a9c,1,Bajtovo identicke subory
A0206,A-presna-kopia,ponechat,Aleluja Žalm 148 (Veľkonočná).xml,Aleluja Žalm 148,Veľkonočná,0e33158d,5,Bajtovo identicke subory
A0206,A-presna-kopia,kandidat na zmazanie,Aleluja Žalm 148 (Veľkonočná)-1.xml,Aleluja Žalm 148,Veľkonočná,0e33158d,5,Bajtovo identicke subory
A0206,A-presna-kopia,kandidat na zmazanie,Aleluja Žalm 148 (Veľkonočná)-2.xml,Aleluja Žalm 148,Veľkonočná,0e33158d,5,Bajtovo identicke subory
A0207,A-presna-kopia,ponechat,"Ani brat môj, ani sestra (Prijímanie, Pôstna).xml","Ani brat môj, ani sestra","Prijímanie, Pôstna",b4b49bfd,3,Bajtovo identicke subory
A0207,A-presna-kopia,kandidat na zmazanie,"Ani brat môj, ani sestra (Prijímanie, Pôstna)-1.xml","Ani brat môj, ani sestra","Prijímanie, Pôstna",b4b49bfd,3,Bajtovo identicke subory
A0207,A-presna-kopia,kandidat na zmazanie,"Ani brat môj, ani sestra (Prijímanie, Pôstna)-2.xml","Ani brat môj, ani sestra","Prijímanie, Pôstna",b4b49bfd,3,Bajtovo identicke subory
A0208,A-presna-kopia,ponechat,"Benedicimus te (Taize, Veľkonočná).xml",Benedicimus te,"Veľkonočná, Taize",dbae7652,6,Bajtovo identicke subory
A0208,A-presna-kopia,kandidat na zmazanie,"Benedicimus te (Taize, Veľkonočná)-1.xml",Benedicimus te,"Veľkonočná, Taize",dbae7652,6,Bajtovo identicke subory
A0208,A-presna-kopia,kandidat na zmazanie,"Benedicimus te (Taize, Veľkonočná)-2.xml",Benedicimus te,"Veľkonočná, Taize",dbae7652,6,Bajtovo identicke subory
A0209,A-presna-kopia,ponechat,"Bless the Lord my soul (Advent, Pomalá, Pôstna, Taize).xml",Bless the Lord my soul,"Advent, Pôstna, Pomalá, Taize",33af4e2f,2,Bajtovo identicke subory
A0209,A-presna-kopia,kandidat na zmazanie,"Bless the Lord my soul (Advent, Pomalá, Pôstna, Taize)-1.xml",Bless the Lord my soul,"Advent, Pôstna, Pomalá, Taize",33af4e2f,2,Bajtovo identicke subory
A0209,A-presna-kopia,kandidat na zmazanie,"Bless the Lord my soul (Advent, Pomalá, Pôstna, Taize)-2.xml",Bless the Lord my soul,"Advent, Pôstna, Pomalá, Taize",33af4e2f,2,Bajtovo identicke subory
A0210,A-presna-kopia,ponechat,Boh - láska (Veľkonočná).xml,Boh - láska,Veľkonočná,2797c3b6,4,Bajtovo identicke subory
A0210,A-presna-kopia,kandidat na zmazanie,Boh - láska (Veľkonočná)-1.xml,Boh - láska,Veľkonočná,2797c3b6,4,Bajtovo identicke subory
A0210,A-presna-kopia,kandidat na zmazanie,Boh - láska (Veľkonočná)-2.xml,Boh - láska,Veľkonočná,2797c3b6,4,Bajtovo identicke subory
A0211,A-presna-kopia,ponechat,Boh je láska (Author Unknown).xml,Boh je láska,Author Unknown,5178d897,1,Bajtovo identicke subory
A0211,A-presna-kopia,kandidat na zmazanie,Boh je láska (Author Unknown)-1.xml,Boh je láska,Author Unknown,5178d897,1,Bajtovo identicke subory
A0211,A-presna-kopia,kandidat na zmazanie,Boh je láska (Author Unknown)-2.xml,Boh je láska,Author Unknown,5178d897,1,Bajtovo identicke subory
A0212,A-presna-kopia,ponechat,"Boh je tak blízko nás (Advent, Pôstna, Začiatok).xml",Boh je tak blízko nás,"Advent, Začiatok, Pôstna",633d7c16,1,Bajtovo identicke subory
A0212,A-presna-kopia,kandidat na zmazanie,"Boh je tak blízko nás (Advent, Pôstna, Začiatok)-1.xml",Boh je tak blízko nás,"Advent, Začiatok, Pôstna",633d7c16,1,Bajtovo identicke subory
A0212,A-presna-kopia,kandidat na zmazanie,"Boh je tak blízko nás (Advent, Pôstna, Začiatok)-2.xml",Boh je tak blízko nás,"Advent, Začiatok, Pôstna",633d7c16,1,Bajtovo identicke subory
A0213,A-presna-kopia,ponechat,Bol si tam (krížová cesta).xml,Bol si tam,krížová cesta,89a91277,16,Bajtovo identicke subory
A0213,A-presna-kopia,kandidat na zmazanie,Bol si tam (krížová cesta)-1.xml,Bol si tam,krížová cesta,89a91277,16,Bajtovo identicke subory
A0213,A-presna-kopia,kandidat na zmazanie,Bol si tam (krížová cesta)-2.xml,Bol si tam,krížová cesta,89a91277,16,Bajtovo identicke subory
A0214,A-presna-kopia,ponechat,"Bože Otče, teraz vidím (Chvály).xml","Bože Otče, teraz vidím",Chvály,c1fdd47c,2,Bajtovo identicke subory
A0214,A-presna-kopia,kandidat na zmazanie,"Bože Otče, teraz vidím (Chvály)-1.xml","Bože Otče, teraz vidím",Chvály,c1fdd47c,2,Bajtovo identicke subory
A0215,A-presna-kopia,ponechat,"Božia láska, príď (Advent, Pôstna, Začiatok).xml","Božia láska, príď","Advent, Pôstna, Začiatok",d5d6da7a,1,Bajtovo identicke subory
A0215,A-presna-kopia,kandidat na zmazanie,"Božia láska, príď (Advent, Pôstna, Začiatok)-1.xml","Božia láska, príď","Advent, Pôstna, Začiatok",d5d6da7a,1,Bajtovo identicke subory
A0215,A-presna-kopia,kandidat na zmazanie,"Božia láska, príď (Advent, Pôstna, Začiatok)-2.xml","Božia láska, príď","Advent, Pôstna, Začiatok",d5d6da7a,1,Bajtovo identicke subory
A0216,A-presna-kopia,ponechat,Buď Vôľa Tvoja (detsky zbor).xml,Buď Vôľa Tvoja,detsky zbor,c34ab0f9,4,Bajtovo identicke subory
A0216,A-presna-kopia,kandidat na zmazanie,Buď Vôľa Tvoja (detsky zbor)-1.xml,Buď Vôľa Tvoja,detsky zbor,c34ab0f9,4,Bajtovo identicke subory
A0217,A-presna-kopia,ponechat,Chcem vojsť do Tvojich brán (Začiatok).xml,Chcem vojsť do Tvojich brán,Začiatok,f3394c13,2,Bajtovo identicke subory
A0217,A-presna-kopia,kandidat na zmazanie,Chcem vojsť do Tvojich brán (Začiatok)-1.xml,Chcem vojsť do Tvojich brán,Začiatok,f3394c13,2,Bajtovo identicke subory
A0217,A-presna-kopia,kandidat na zmazanie,Chcem vojsť do Tvojich brán (Začiatok)-2.xml,Chcem vojsť do Tvojich brán,Začiatok,f3394c13,2,Bajtovo identicke subory
A0218,A-presna-kopia,ponechat,Chlieb Ti a víno prinášame (Obetné dary).xml,Chlieb Ti a víno prinášame,Obetné dary,6281e87a,4,Bajtovo identicke subory
A0218,A-presna-kopia,kandidat na zmazanie,Chlieb Ti a víno prinášame (Obetné dary)-1.xml,Chlieb Ti a víno prinášame,Obetné dary,6281e87a,4,Bajtovo identicke subory
A0218,A-presna-kopia,kandidat na zmazanie,Chlieb Ti a víno prinášame (Obetné dary)-2.xml,Chlieb Ti a víno prinášame,Obetné dary,6281e87a,4,Bajtovo identicke subory
A0219,A-presna-kopia,ponechat,Chválim Ťa Ježiš (Chvály).xml,Chválim Ťa Ježiš,Chvály,217b2ad4,1,Bajtovo identicke subory
A0219,A-presna-kopia,kandidat na zmazanie,Chválim Ťa Ježiš (Chvály)-1.xml,Chválim Ťa Ježiš,Chvály,217b2ad4,1,Bajtovo identicke subory
A0219,A-presna-kopia,kandidat na zmazanie,Chválim Ťa Ježiš (Chvály)-2.xml,Chválim Ťa Ježiš,Chvály,217b2ad4,1,Bajtovo identicke subory
A0220,A-presna-kopia,ponechat,Chváliť Pána chcem (Adorácia).xml,Chváliť Pána chcem,Adorácia,790e61d4,1,Bajtovo identicke subory
A0220,A-presna-kopia,kandidat na zmazanie,Chváliť Pána chcem (Adorácia)-1.xml,Chváliť Pána chcem,Adorácia,790e61d4,1,Bajtovo identicke subory
A0220,A-presna-kopia,kandidat na zmazanie,Chváliť Pána chcem (Adorácia)-2.xml,Chváliť Pána chcem,Adorácia,790e61d4,1,Bajtovo identicke subory
A0221,A-presna-kopia,ponechat,Chváľ duša moja Hospodina (Chvály).xml,Chváľ duša moja Hospodina,Chvály,1651bd12,2,Bajtovo identicke subory
A0221,A-presna-kopia,kandidat na zmazanie,Chváľ duša moja Hospodina (Chvály)-1.xml,Chváľ duša moja Hospodina,Chvály,1651bd12,2,Bajtovo identicke subory
A0221,A-presna-kopia,kandidat na zmazanie,Chváľ duša moja Hospodina (Chvály)-2.xml,Chváľ duša moja Hospodina,Chvály,1651bd12,2,Bajtovo identicke subory
A0222,A-presna-kopia,ponechat,Chváľ duša moja Pána (Adorácia).xml,Chváľ duša moja Pána,Adorácia,4ffd7c7a,1,Bajtovo identicke subory
A0222,A-presna-kopia,kandidat na zmazanie,Chváľ duša moja Pána (Adorácia)-1.xml,Chváľ duša moja Pána,Adorácia,4ffd7c7a,1,Bajtovo identicke subory
A0222,A-presna-kopia,kandidat na zmazanie,Chváľ duša moja Pána (Adorácia)-2.xml,Chváľ duša moja Pána,Adorácia,4ffd7c7a,1,Bajtovo identicke subory
A0223,A-presna-kopia,ponechat,Do tmy na svet (Adorácia).xml,Do tmy na svet,Adorácia,e6959ac9,5,Bajtovo identicke subory
A0223,A-presna-kopia,kandidat na zmazanie,Do tmy na svet (Adorácia)-1.xml,Do tmy na svet,Adorácia,e6959ac9,5,Bajtovo identicke subory
A0223,A-presna-kopia,kandidat na zmazanie,Do tmy na svet (Adorácia)-2.xml,Do tmy na svet,Adorácia,e6959ac9,5,Bajtovo identicke subory
A0224,A-presna-kopia,ponechat,"Do tmy našich dní (Advent, Pomalá, Pôstna, Taize).xml",Do tmy našich dní,"Advent, Pôstna, Pomalá, Taize",450c092e,1,Bajtovo identicke subory
A0224,A-presna-kopia,kandidat na zmazanie,"Do tmy našich dní (Advent, Pomalá, Pôstna, Taize)-1.xml",Do tmy našich dní,"Advent, Pôstna, Pomalá, Taize",450c092e,1,Bajtovo identicke subory
A0224,A-presna-kopia,kandidat na zmazanie,"Do tmy našich dní (Advent, Pomalá, Pôstna, Taize)-2.xml",Do tmy našich dní,"Advent, Pôstna, Pomalá, Taize",450c092e,1,Bajtovo identicke subory
A0225,A-presna-kopia,ponechat,Dobrorečíme Ti (Obetné dary).xml,Dobrorečíme Ti,Obetné dary,c7bf3e29,2,Bajtovo identicke subory
A0225,A-presna-kopia,kandidat na zmazanie,Dobrorečíme Ti (Obetné dary)-1.xml,Dobrorečíme Ti,Obetné dary,c7bf3e29,2,Bajtovo identicke subory
A0225,A-presna-kopia,kandidat na zmazanie,Dobrorečíme Ti (Obetné dary)-2.xml,Dobrorečíme Ti,Obetné dary,c7bf3e29,2,Bajtovo identicke subory
A0226,A-presna-kopia,ponechat,Duch a nevesta (Duch svätý).xml,Duch a nevesta,Duch svätý,44e73c71,2,Bajtovo identicke subory
A0226,A-presna-kopia,kandidat na zmazanie,Duch a nevesta (Duch svätý)-1.xml,Duch a nevesta,Duch svätý,44e73c71,2,Bajtovo identicke subory
A0226,A-presna-kopia,kandidat na zmazanie,Duch a nevesta (Duch svätý)-2.xml,Duch a nevesta,Duch svätý,44e73c71,2,Bajtovo identicke subory
A0227,A-presna-kopia,ponechat,"Dávam všetko (Adorácia, Obetné dary, Rieka života)-1.xml",Dávam všetko,"Obetné dary, Rieka života, Adorácia",4a15b00c,3,Bajtovo identicke subory
A0227,A-presna-kopia,kandidat na zmazanie,"Dávam všetko (Adorácia, Obetné dary, Rieka života)-2.xml",Dávam všetko,"Obetné dary, Rieka života, Adorácia",4a15b00c,3,Bajtovo identicke subory
A0228,A-presna-kopia,ponechat,Father (Atlanta).xml,Father,Atlanta,4ccfc69b,1,Bajtovo identicke subory
A0228,A-presna-kopia,kandidat na zmazanie,Father (Atlanta)-1.xml,Father,Atlanta,4ccfc69b,1,Bajtovo identicke subory
A0228,A-presna-kopia,kandidat na zmazanie,Father (Atlanta)-2.xml,Father,Atlanta,4ccfc69b,1,Bajtovo identicke subory
A0229,A-presna-kopia,ponechat,František (Author Unknown).xml,František,Author Unknown,409ed55e,3,Bajtovo identicke subory
A0229,A-presna-kopia,kandidat na zmazanie,František (Author Unknown)-1.xml,František,Author Unknown,409ed55e,3,Bajtovo identicke subory
A0229,A-presna-kopia,kandidat na zmazanie,František (Author Unknown)-2.xml,František,Author Unknown,409ed55e,3,Bajtovo identicke subory
A0230,A-presna-kopia,ponechat,Glória (klasická) (Glória).xml,Glória (klasická),Glória,1496fa97,5,Bajtovo identicke subory
A0230,A-presna-kopia,kandidat na zmazanie,Glória (klasická) (Glória)-1.xml,Glória (klasická),Glória,1496fa97,5,Bajtovo identicke subory
A0231,A-presna-kopia,ponechat,Glória - UPC (Glória).xml,Glória - UPC,Glória,23928c06,4,Bajtovo identicke subory
A0231,A-presna-kopia,kandidat na zmazanie,Glória - UPC (Glória)-2.xml,Glória - UPC,Glória,23928c06,4,Bajtovo identicke subory
A0232,A-presna-kopia,ponechat,Hudba dohráva (Záver).xml,Hudba dohráva,Záver,d81b6454,3,Bajtovo identicke subory
A0232,A-presna-kopia,kandidat na zmazanie,Hudba dohráva (Záver)-1.xml,Hudba dohráva,Záver,d81b6454,3,Bajtovo identicke subory
A0232,A-presna-kopia,kandidat na zmazanie,Hudba dohráva (Záver)-2.xml,Hudba dohráva,Záver,d81b6454,3,Bajtovo identicke subory
A0233,A-presna-kopia,ponechat,Jasaj v Pánovi celá Zem (Veľkonočná).xml,Jasaj v Pánovi celá Zem,Veľkonočná,c20dc735,4,Bajtovo identicke subory
A0233,A-presna-kopia,kandidat na zmazanie,Jasaj v Pánovi celá Zem (Veľkonočná)-1.xml,Jasaj v Pánovi celá Zem,Veľkonočná,c20dc735,4,Bajtovo identicke subory
A0233,A-presna-kopia,kandidat na zmazanie,Jasaj v Pánovi celá Zem (Veľkonočná)-2.xml,Jasaj v Pánovi celá Zem,Veľkonočná,c20dc735,4,Bajtovo identicke subory
A0234,A-presna-kopia,ponechat,Je dnes taký zvláštne krásny deň (Mariánska).xml,Je dnes taký zvláštne krásny deň,Mariánska,fa77247c,3,Bajtovo identicke subory
A0234,A-presna-kopia,kandidat na zmazanie,Je dnes taký zvláštne krásny deň (Mariánska)-1.xml,Je dnes taký zvláštne krásny deň,Mariánska,fa77247c,3,Bajtovo identicke subory
A0234,A-presna-kopia,kandidat na zmazanie,Je dnes taký zvláštne krásny deň (Mariánska)-2.xml,Je dnes taký zvláštne krásny deň,Mariánska,fa77247c,3,Bajtovo identicke subory
A0235,A-presna-kopia,ponechat,Je krásne dávať (Author Unknown).xml,Je krásne dávať,Author Unknown,76670107,4,Bajtovo identicke subory
A0235,A-presna-kopia,kandidat na zmazanie,Je krásne dávať (Author Unknown)-1.xml,Je krásne dávať,Author Unknown,76670107,4,Bajtovo identicke subory
A0235,A-presna-kopia,kandidat na zmazanie,Je krásne dávať (Author Unknown)-2.xml,Je krásne dávať,Author Unknown,76670107,4,Bajtovo identicke subory
A0236,A-presna-kopia,ponechat,Je pravda to (Pôstna).xml,Je pravda to,Pôstna,569da207,3,Bajtovo identicke subory
A0236,A-presna-kopia,kandidat na zmazanie,Je pravda to (Pôstna)-1.xml,Je pravda to,Pôstna,569da207,3,Bajtovo identicke subory
A0236,A-presna-kopia,kandidat na zmazanie,Je pravda to (Pôstna)-2.xml,Je pravda to,Pôstna,569da207,3,Bajtovo identicke subory
A0237,A-presna-kopia,ponechat,"Je stále prítomná (Advent, Pôstna, Začiatok).xml",Je stále prítomná,"Advent, Začiatok, Pôstna",cffb445c,1,Bajtovo identicke subory
A0237,A-presna-kopia,kandidat na zmazanie,"Je stále prítomná (Advent, Pôstna, Začiatok)-1.xml",Je stále prítomná,"Advent, Začiatok, Pôstna",cffb445c,1,Bajtovo identicke subory
A0237,A-presna-kopia,kandidat na zmazanie,"Je stále prítomná (Advent, Pôstna, Začiatok)-2.xml",Je stále prítomná,"Advent, Začiatok, Pôstna",cffb445c,1,Bajtovo identicke subory
A0238,A-presna-kopia,ponechat,"Ježiš žije, Ježiš žije (Veľkonočná).xml","Ježiš žije, Ježiš žije",Veľkonočná,46f5ea39,4,Bajtovo identicke subory
A0238,A-presna-kopia,kandidat na zmazanie,"Ježiš žije, Ježiš žije (Veľkonočná)-1.xml","Ježiš žije, Ježiš žije",Veľkonočná,46f5ea39,4,Bajtovo identicke subory
A0238,A-presna-kopia,kandidat na zmazanie,"Ježiš žije, Ježiš žije (Veľkonočná)-2.xml","Ježiš žije, Ježiš žije",Veľkonočná,46f5ea39,4,Bajtovo identicke subory
A0239,A-presna-kopia,ponechat,"Ježiš, ty si skalou (Prijímanie).xml","Ježiš, ty si skalou",Prijímanie,2afeff3e,2,Bajtovo identicke subory
A0239,A-presna-kopia,kandidat na zmazanie,"Ježiš, ty si skalou (Prijímanie)-1.xml","Ježiš, ty si skalou",Prijímanie,2afeff3e,2,Bajtovo identicke subory
A0239,A-presna-kopia,kandidat na zmazanie,"Ježiš, ty si skalou (Prijímanie)-2.xml","Ježiš, ty si skalou",Prijímanie,2afeff3e,2,Bajtovo identicke subory
A0240,A-presna-kopia,ponechat,"Ježišu ukrižovaný (Pane, zmiluj sa).xml",Ježišu ukrižovaný,"Pane, zmiluj sa",28b4c031,1,Bajtovo identicke subory
A0240,A-presna-kopia,kandidat na zmazanie,"Ježišu ukrižovaný (Pane, zmiluj sa)-1.xml",Ježišu ukrižovaný,"Pane, zmiluj sa",28b4c031,1,Bajtovo identicke subory
A0240,A-presna-kopia,kandidat na zmazanie,"Ježišu ukrižovaný (Pane, zmiluj sa)-2.xml",Ježišu ukrižovaný,"Pane, zmiluj sa",28b4c031,1,Bajtovo identicke subory
A0241,A-presna-kopia,ponechat,"Jubilate Deo, Jubilate Deo 1073 (Taize, Veľkonočná).xml","Jubilate Deo, Jubilate Deo 1073","Veľkonočná, Taize",c8a70b65,1,Bajtovo identicke subory
A0241,A-presna-kopia,kandidat na zmazanie,"Jubilate Deo, Jubilate Deo 1073 (Taize, Veľkonočná)-1.xml","Jubilate Deo, Jubilate Deo 1073","Veľkonočná, Taize",c8a70b65,1,Bajtovo identicke subory
A0241,A-presna-kopia,kandidat na zmazanie,"Jubilate Deo, Jubilate Deo 1073 (Taize, Veľkonočná)-2.xml","Jubilate Deo, Jubilate Deo 1073","Veľkonočná, Taize",c8a70b65,1,Bajtovo identicke subory
A0242,A-presna-kopia,ponechat,"Jubilate Deo, omnis terra (Taize, Veľkonočná).xml","Jubilate Deo, omnis terra","Taize, Veľkonočná",277b182b,1,Bajtovo identicke subory
A0242,A-presna-kopia,kandidat na zmazanie,"Jubilate Deo, omnis terra (Taize, Veľkonočná)-1.xml","Jubilate Deo, omnis terra","Taize, Veľkonočná",277b182b,1,Bajtovo identicke subory
A0242,A-presna-kopia,kandidat na zmazanie,"Jubilate Deo, omnis terra (Taize, Veľkonočná)-2.xml","Jubilate Deo, omnis terra","Taize, Veľkonočná",277b182b,1,Bajtovo identicke subory
A0243,A-presna-kopia,ponechat,"K Tebe idem, Pane môj (Pôstna, Začiatok).xml","K Tebe idem, Pane môj","Začiatok, Pôstna",fbee0ad5,3,Bajtovo identicke subory
A0243,A-presna-kopia,kandidat na zmazanie,"K Tebe idem, Pane môj (Pôstna, Začiatok)-1.xml","K Tebe idem, Pane môj","Začiatok, Pôstna",fbee0ad5,3,Bajtovo identicke subory
A0243,A-presna-kopia,kandidat na zmazanie,"K Tebe idem, Pane môj (Pôstna, Začiatok)-2.xml","K Tebe idem, Pane môj","Začiatok, Pôstna",fbee0ad5,3,Bajtovo identicke subory
A0244,A-presna-kopia,ponechat,Keď Boží Syn nás navštívil (Author Unknown).xml,Keď Boží Syn nás navštívil,Author Unknown,79a9c980,3,Bajtovo identicke subory
A0244,A-presna-kopia,kandidat na zmazanie,Keď Boží Syn nás navštívil (Author Unknown)-1.xml,Keď Boží Syn nás navštívil,Author Unknown,79a9c980,3,Bajtovo identicke subory
A0244,A-presna-kopia,kandidat na zmazanie,Keď Boží Syn nás navštívil (Author Unknown)-2.xml,Keď Boží Syn nás navštívil,Author Unknown,79a9c980,3,Bajtovo identicke subory
A0245,A-presna-kopia,ponechat,Keď sa raz Pán ... short (Prijímanie).xml,Keď sa raz Pán ... short,Prijímanie,06205e21,5,Bajtovo identicke subory
A0245,A-presna-kopia,kandidat na zmazanie,Keď sa raz Pán ... short (Prijímanie)-1.xml,Keď sa raz Pán ... short,Prijímanie,06205e21,5,Bajtovo identicke subory
A0245,A-presna-kopia,kandidat na zmazanie,Keď sa raz Pán ... short (Prijímanie)-2.xml,Keď sa raz Pán ... short,Prijímanie,06205e21,5,Bajtovo identicke subory
A0246,A-presna-kopia,ponechat,Keď sa raz Pán navráti k nám (Veľkonočná).xml,Keď sa raz Pán navráti k nám,Veľkonočná,93e2d114,8,Bajtovo identicke subory
A0246,A-presna-kopia,kandidat na zmazanie,Keď sa raz Pán navráti k nám (Veľkonočná)-1.xml,Keď sa raz Pán navráti k nám,Veľkonočná,93e2d114,8,Bajtovo identicke subory
A0246,A-presna-kopia,kandidat na zmazanie,Keď sa raz Pán navráti k nám (Veľkonočná)-2.xml,Keď sa raz Pán navráti k nám,Veľkonočná,93e2d114,8,Bajtovo identicke subory
A0247,A-presna-kopia,ponechat,Klaniam sa tvojej veľkej láske (JKS).xml,Klaniam sa tvojej veľkej láske,JKS,5019c50b,2,Bajtovo identicke subory
A0247,A-presna-kopia,kandidat na zmazanie,Klaniam sa tvojej veľkej láske (JKS)-1.xml,Klaniam sa tvojej veľkej láske,JKS,5019c50b,2,Bajtovo identicke subory
A0247,A-presna-kopia,kandidat na zmazanie,Klaniam sa tvojej veľkej láske (JKS)-2.xml,Klaniam sa tvojej veľkej láske,JKS,5019c50b,2,Bajtovo identicke subory
A0248,A-presna-kopia,ponechat,Koľko záhad má (Obetné dary).xml,Koľko záhad má,Obetné dary,a9e99033,4,Bajtovo identicke subory
A0248,A-presna-kopia,kandidat na zmazanie,Koľko záhad má (Obetné dary)-1.xml,Koľko záhad má,Obetné dary,a9e99033,4,Bajtovo identicke subory
A0248,A-presna-kopia,kandidat na zmazanie,Koľko záhad má (Obetné dary)-2.xml,Koľko záhad má,Obetné dary,a9e99033,4,Bajtovo identicke subory
A0249,A-presna-kopia,ponechat,"Kríž je znakom spásy (Pôstna, krížová cesta).xml",Kríž je znakom spásy,"krížová cesta, Pôstna",25ba4ed6,4,Bajtovo identicke subory
A0249,A-presna-kopia,kandidat na zmazanie,"Kríž je znakom spásy (Pôstna, krížová cesta)-1.xml",Kríž je znakom spásy,"krížová cesta, Pôstna",25ba4ed6,4,Bajtovo identicke subory
A0249,A-presna-kopia,kandidat na zmazanie,"Kríž je znakom spásy (Pôstna, krížová cesta)-2.xml",Kríž je znakom spásy,"krížová cesta, Pôstna",25ba4ed6,4,Bajtovo identicke subory
A0250,A-presna-kopia,ponechat,"Laudate Dominum (Chvály, Taize).xml",Laudate Dominum,"Chvály, Taize",d883d126,1,Bajtovo identicke subory
A0250,A-presna-kopia,kandidat na zmazanie,"Laudate Dominum (Chvály, Taize)-1.xml",Laudate Dominum,"Chvály, Taize",d883d126,1,Bajtovo identicke subory
A0250,A-presna-kopia,kandidat na zmazanie,"Laudate Dominum (Chvály, Taize)-2.xml",Laudate Dominum,"Chvály, Taize",d883d126,1,Bajtovo identicke subory
A0251,A-presna-kopia,ponechat,"Laudate omnes gentes (Advent, Chvály, Pomalá, Pôstna, Taize).xml",Laudate omnes gentes,"Advent, Pôstna, Pomalá, Chvály, Taize",fe9d08f4,1,Bajtovo identicke subory
A0251,A-presna-kopia,kandidat na zmazanie,"Laudate omnes gentes (Advent, Chvály, Pomalá, Pôstna, Taize)-1.xml",Laudate omnes gentes,"Advent, Pôstna, Pomalá, Chvály, Taize",fe9d08f4,1,Bajtovo identicke subory
A0252,A-presna-kopia,ponechat,"Magnificat (Mariánska, Taize).xml",Magnificat,"Mariánska, Taize",ededa0b8,1,Bajtovo identicke subory
A0252,A-presna-kopia,kandidat na zmazanie,"Magnificat (Mariánska, Taize)-1.xml",Magnificat,"Mariánska, Taize",ededa0b8,1,Bajtovo identicke subory
A0252,A-presna-kopia,kandidat na zmazanie,"Magnificat (Mariánska, Taize)-2.xml",Magnificat,"Mariánska, Taize",ededa0b8,1,Bajtovo identicke subory
A0253,A-presna-kopia,ponechat,"Moja múdrosť (Advent, Pomalá, Pôstna, Taize).xml",Moja múdrosť,"Pôstna, Advent, Taize, Pomalá",25e20451,1,Bajtovo identicke subory
A0253,A-presna-kopia,kandidat na zmazanie,"Moja múdrosť (Advent, Pomalá, Pôstna, Taize)-1.xml",Moja múdrosť,"Pôstna, Advent, Taize, Pomalá",25e20451,1,Bajtovo identicke subory
A0253,A-presna-kopia,kandidat na zmazanie,"Moja múdrosť (Advent, Pomalá, Pôstna, Taize)-2.xml",Moja múdrosť,"Pôstna, Advent, Taize, Pomalá",25e20451,1,Bajtovo identicke subory
A0254,A-presna-kopia,ponechat,Moja sila a chvála je Pán (Author Unknown).xml,Moja sila a chvála je Pán,Author Unknown,9c02b6ef,1,Bajtovo identicke subory
A0254,A-presna-kopia,kandidat na zmazanie,Moja sila a chvála je Pán (Author Unknown)-1.xml,Moja sila a chvála je Pán,Author Unknown,9c02b6ef,1,Bajtovo identicke subory
A0254,A-presna-kopia,kandidat na zmazanie,Moja sila a chvála je Pán (Author Unknown)-2.xml,Moja sila a chvála je Pán,Author Unknown,9c02b6ef,1,Bajtovo identicke subory
A0255,A-presna-kopia,ponechat,Moje malé svetielko (Prvé sv.prijímanie).xml,Moje malé svetielko,Prvé sv.prijímanie,b188198c,4,Bajtovo identicke subory
A0255,A-presna-kopia,kandidat na zmazanie,Moje malé svetielko (Prvé sv.prijímanie)-1.xml,Moje malé svetielko,Prvé sv.prijímanie,b188198c,4,Bajtovo identicke subory
A0255,A-presna-kopia,kandidat na zmazanie,Moje malé svetielko (Prvé sv.prijímanie)-2.xml,Moje malé svetielko,Prvé sv.prijímanie,b188198c,4,Bajtovo identicke subory
A0256,A-presna-kopia,ponechat,"Márnotratný syn (Pomalá, Pôstna).xml",Márnotratný syn,"Pomalá, Pôstna",e94a663f,6,Bajtovo identicke subory
A0256,A-presna-kopia,kandidat na zmazanie,"Márnotratný syn (Pomalá, Pôstna)-2.xml",Márnotratný syn,"Pomalá, Pôstna",e94a663f,6,Bajtovo identicke subory
A0257,A-presna-kopia,ponechat,"Môj Boh, vďaka tebe dýcham (Prijímanie).xml","Môj Boh, vďaka tebe dýcham",Prijímanie,3268c9d5,3,Bajtovo identicke subory
A0257,A-presna-kopia,kandidat na zmazanie,"Môj Boh, vďaka tebe dýcham (Prijímanie)-1.xml","Môj Boh, vďaka tebe dýcham",Prijímanie,3268c9d5,3,Bajtovo identicke subory
A0257,A-presna-kopia,kandidat na zmazanie,"Môj Boh, vďaka tebe dýcham (Prijímanie)-2.xml","Môj Boh, vďaka tebe dýcham",Prijímanie,3268c9d5,3,Bajtovo identicke subory
A0258,A-presna-kopia,ponechat,"Môj Pán dáva mi lásku (Adorácia, Prosby)-1.xml",Môj Pán dáva mi lásku,"Prosby, Adorácia",0af142bf,1,Bajtovo identicke subory
A0258,A-presna-kopia,kandidat na zmazanie,"Môj Pán dáva mi lásku (Adorácia, Prosby)-2.xml",Môj Pán dáva mi lásku,"Prosby, Adorácia",0af142bf,1,Bajtovo identicke subory
A0259,A-presna-kopia,ponechat,"Nebojte sa, radujte sa (Taize, Veľkonočná).xml","Nebojte sa, radujte sa","Taize, Veľkonočná",1a2f4e4b,1,Bajtovo identicke subory
A0259,A-presna-kopia,kandidat na zmazanie,"Nebojte sa, radujte sa (Taize, Veľkonočná)-1.xml","Nebojte sa, radujte sa","Taize, Veľkonočná",1a2f4e4b,1,Bajtovo identicke subory
A0259,A-presna-kopia,kandidat na zmazanie,"Nebojte sa, radujte sa (Taize, Veľkonočná)-2.xml","Nebojte sa, radujte sa","Taize, Veľkonočná",1a2f4e4b,1,Bajtovo identicke subory
A0260,A-presna-kopia,ponechat,Nech ten plameň žiari (Začiatok).xml,Nech ten plameň žiari,Začiatok,cde5e4df,4,Bajtovo identicke subory
A0260,A-presna-kopia,kandidat na zmazanie,Nech ten plameň žiari (Začiatok)-1.xml,Nech ten plameň žiari,Začiatok,cde5e4df,4,Bajtovo identicke subory
A0260,A-presna-kopia,kandidat na zmazanie,Nech ten plameň žiari (Začiatok)-2.xml,Nech ten plameň žiari,Začiatok,cde5e4df,4,Bajtovo identicke subory
A0261,A-presna-kopia,ponechat,Nech vás požehnáva Pán (Author Unknown).xml,Nech vás požehnáva Pán,Author Unknown,62e75704,2,Bajtovo identicke subory
A0261,A-presna-kopia,kandidat na zmazanie,Nech vás požehnáva Pán (Author Unknown)-1.xml,Nech vás požehnáva Pán,Author Unknown,62e75704,2,Bajtovo identicke subory
A0261,A-presna-kopia,kandidat na zmazanie,Nech vás požehnáva Pán (Author Unknown)-2.xml,Nech vás požehnáva Pán,Author Unknown,62e75704,2,Bajtovo identicke subory
A0262,A-presna-kopia,ponechat,"Nesieme, Pane, chlieb a víno (Obetné dary).xml","Nesieme, Pane, chlieb a víno",Obetné dary,34dfff73,1,Bajtovo identicke subory
A0262,A-presna-kopia,kandidat na zmazanie,"Nesieme, Pane, chlieb a víno (Obetné dary)-1.xml","Nesieme, Pane, chlieb a víno",Obetné dary,34dfff73,1,Bajtovo identicke subory
A0262,A-presna-kopia,kandidat na zmazanie,"Nesieme, Pane, chlieb a víno (Obetné dary)-2.xml","Nesieme, Pane, chlieb a víno",Obetné dary,34dfff73,1,Bajtovo identicke subory
A0263,A-presna-kopia,ponechat,Nohy jeleníc (Prijímanie).xml,Nohy jeleníc,Prijímanie,6bf538a8,1,Bajtovo identicke subory
A0263,A-presna-kopia,kandidat na zmazanie,Nohy jeleníc (Prijímanie)-1.xml,Nohy jeleníc,Prijímanie,6bf538a8,1,Bajtovo identicke subory
A0263,A-presna-kopia,kandidat na zmazanie,Nohy jeleníc (Prijímanie)-2.xml,Nohy jeleníc,Prijímanie,6bf538a8,1,Bajtovo identicke subory
A0264,A-presna-kopia,ponechat,Nový Jeruzalem (Veľkonočná).xml,Nový Jeruzalem,Veľkonočná,a29ee1d9,4,Bajtovo identicke subory
A0264,A-presna-kopia,kandidat na zmazanie,Nový Jeruzalem (Veľkonočná)-1.xml,Nový Jeruzalem,Veľkonočná,a29ee1d9,4,Bajtovo identicke subory
A0264,A-presna-kopia,kandidat na zmazanie,Nový Jeruzalem (Veľkonočná)-2.xml,Nový Jeruzalem,Veľkonočná,a29ee1d9,4,Bajtovo identicke subory
A0265,A-presna-kopia,ponechat,"Náš Pán, On je Kráľov Kráľ (Veľkonočná).xml","Náš Pán, On je Kráľov Kráľ",Veľkonočná,3b7faca8,1,Bajtovo identicke subory
A0265,A-presna-kopia,kandidat na zmazanie,"Náš Pán, On je Kráľov Kráľ (Veľkonočná)-1.xml","Náš Pán, On je Kráľov Kráľ",Veľkonočná,3b7faca8,1,Bajtovo identicke subory
A0265,A-presna-kopia,kandidat na zmazanie,"Náš Pán, On je Kráľov Kráľ (Veľkonočná)-2.xml","Náš Pán, On je Kráľov Kráľ",Veľkonočná,3b7faca8,1,Bajtovo identicke subory
A0266,A-presna-kopia,ponechat,Obeta srdca (Obetné dary).xml,Obeta srdca,Obetné dary,7a5ec597,3,Bajtovo identicke subory
A0266,A-presna-kopia,kandidat na zmazanie,Obeta srdca (Obetné dary)-1.xml,Obeta srdca,Obetné dary,7a5ec597,3,Bajtovo identicke subory
A0266,A-presna-kopia,kandidat na zmazanie,Obeta srdca (Obetné dary)-2.xml,Obeta srdca,Obetné dary,7a5ec597,3,Bajtovo identicke subory
A0267,A-presna-kopia,ponechat,On je kráľov Kráľ (Veľkonočná).xml,On je kráľov Kráľ,Veľkonočná,042eded3,4,Bajtovo identicke subory
A0267,A-presna-kopia,kandidat na zmazanie,On je kráľov Kráľ (Veľkonočná)-1.xml,On je kráľov Kráľ,Veľkonočná,042eded3,4,Bajtovo identicke subory
A0267,A-presna-kopia,kandidat na zmazanie,On je kráľov Kráľ (Veľkonočná)-2.xml,On je kráľov Kráľ,Veľkonočná,042eded3,4,Bajtovo identicke subory
A0268,A-presna-kopia,ponechat,"Otváraj (Advent, Pomalá, Pôstna).xml",Otváraj,"Pomalá, Pôstna, Advent",e0f70fe4,2,Bajtovo identicke subory
A0268,A-presna-kopia,kandidat na zmazanie,"Otváraj (Advent, Pomalá, Pôstna)-1.xml",Otváraj,"Pomalá, Pôstna, Advent",e0f70fe4,2,Bajtovo identicke subory
A0268,A-presna-kopia,kandidat na zmazanie,"Otváraj (Advent, Pomalá, Pôstna)-2.xml",Otváraj,"Pomalá, Pôstna, Advent",e0f70fe4,2,Bajtovo identicke subory
A0269,A-presna-kopia,ponechat,Otče náš (Otče náš).xml,Otče náš,Otče náš,7cdebf2a,3,Bajtovo identicke subory
A0269,A-presna-kopia,kandidat na zmazanie,Otče náš (Otče náš)-1.xml,Otče náš,Otče náš,7cdebf2a,3,Bajtovo identicke subory
A0269,A-presna-kopia,kandidat na zmazanie,Otče náš (Otče náš)-2.xml,Otče náš,Otče náš,7cdebf2a,3,Bajtovo identicke subory
A0270,A-presna-kopia,ponechat,"Otče Ťa chválim (Chvály, Pôstna).xml",Otče Ťa chválim,"Pôstna, Chvály",dda3abe7,4,Bajtovo identicke subory
A0270,A-presna-kopia,kandidat na zmazanie,"Otče Ťa chválim (Chvály, Pôstna)-1.xml",Otče Ťa chválim,"Pôstna, Chvály",dda3abe7,4,Bajtovo identicke subory
A0270,A-presna-kopia,kandidat na zmazanie,"Otče Ťa chválim (Chvály, Pôstna)-2.xml",Otče Ťa chválim,"Pôstna, Chvály",dda3abe7,4,Bajtovo identicke subory
A0271,A-presna-kopia,ponechat,"Otče, prijmi chlieb (Obetné dary).xml","Otče, prijmi chlieb",Obetné dary,9157d34b,1,Bajtovo identicke subory
A0271,A-presna-kopia,kandidat na zmazanie,"Otče, prijmi chlieb (Obetné dary)-1.xml","Otče, prijmi chlieb",Obetné dary,9157d34b,1,Bajtovo identicke subory
A0271,A-presna-kopia,kandidat na zmazanie,"Otče, prijmi chlieb (Obetné dary)-2.xml","Otče, prijmi chlieb",Obetné dary,9157d34b,1,Bajtovo identicke subory
A0272,A-presna-kopia,ponechat,Pane náš príjmi dar (Adorácia).xml,Pane náš príjmi dar,Adorácia,3d841aa9,2,Bajtovo identicke subory
A0272,A-presna-kopia,kandidat na zmazanie,Pane náš príjmi dar (Adorácia)-1.xml,Pane náš príjmi dar,Adorácia,3d841aa9,2,Bajtovo identicke subory
A0272,A-presna-kopia,kandidat na zmazanie,Pane náš príjmi dar (Adorácia)-2.xml,Pane náš príjmi dar,Adorácia,3d841aa9,2,Bajtovo identicke subory
A0273,A-presna-kopia,ponechat,"Pane, málo mám Ťa rád (Obetné dary).xml","Pane, málo mám Ťa rád",Obetné dary,535e6b68,2,Bajtovo identicke subory
A0273,A-presna-kopia,kandidat na zmazanie,"Pane, málo mám Ťa rád (Obetné dary)-1.xml","Pane, málo mám Ťa rád",Obetné dary,535e6b68,2,Bajtovo identicke subory
A0273,A-presna-kopia,kandidat na zmazanie,"Pane, málo mám Ťa rád (Obetné dary)-2.xml","Pane, málo mám Ťa rád",Obetné dary,535e6b68,2,Bajtovo identicke subory
A0274,A-presna-kopia,ponechat,"Pane, som tak veľmi rád (Veľkonočná).xml","Pane, som tak veľmi rád",Veľkonočná,4450c815,2,Bajtovo identicke subory
A0274,A-presna-kopia,kandidat na zmazanie,"Pane, som tak veľmi rád (Veľkonočná)-1.xml","Pane, som tak veľmi rád",Veľkonočná,4450c815,2,Bajtovo identicke subory
A0274,A-presna-kopia,kandidat na zmazanie,"Pane, som tak veľmi rád (Veľkonočná)-2.xml","Pane, som tak veľmi rád",Veľkonočná,4450c815,2,Bajtovo identicke subory
A0275,A-presna-kopia,ponechat,"Pane, vždy keď Tvoju svätosť zriem (Prijímanie).xml","Pane, vždy keď Tvoju svätosť zriem",Prijímanie,a03af0de,2,Bajtovo identicke subory
A0275,A-presna-kopia,kandidat na zmazanie,"Pane, vždy keď Tvoju svätosť zriem (Prijímanie)-1.xml","Pane, vždy keď Tvoju svätosť zriem",Prijímanie,a03af0de,2,Bajtovo identicke subory
A0275,A-presna-kopia,kandidat na zmazanie,"Pane, vždy keď Tvoju svätosť zriem (Prijímanie)-2.xml","Pane, vždy keď Tvoju svätosť zriem",Prijímanie,a03af0de,2,Bajtovo identicke subory
A0276,A-presna-kopia,ponechat,"Pane, zmiluj sa (Katarínka) (Kyrie).xml","Pane, zmiluj sa (Katarínka)",Kyrie,9ec721ee,2,Bajtovo identicke subory
A0276,A-presna-kopia,kandidat na zmazanie,"Pane, zmiluj sa (Katarínka) (Kyrie)-1.xml","Pane, zmiluj sa (Katarínka)",Kyrie,9ec721ee,2,Bajtovo identicke subory
A0277,A-presna-kopia,ponechat,"Pane, zmiluj sa (klasické) (Kyrie).xml","Pane, zmiluj sa (klasické)",Kyrie,08f4830a,2,Bajtovo identicke subory
A0277,A-presna-kopia,kandidat na zmazanie,"Pane, zmiluj sa (klasické) (Kyrie)-1.xml","Pane, zmiluj sa (klasické)",Kyrie,08f4830a,2,Bajtovo identicke subory
A0278,A-presna-kopia,ponechat,"Pane, zmiluj sa (pomalé) (Kyrie).xml","Pane, zmiluj sa (pomalé)",Kyrie,7e38941b,2,Bajtovo identicke subory
A0278,A-presna-kopia,kandidat na zmazanie,"Pane, zmiluj sa (pomalé) (Kyrie)-1.xml","Pane, zmiluj sa (pomalé)",Kyrie,7e38941b,2,Bajtovo identicke subory
A0278,A-presna-kopia,kandidat na zmazanie,"Pane, zmiluj sa (pomalé) (Kyrie)-2.xml","Pane, zmiluj sa (pomalé)",Kyrie,7e38941b,2,Bajtovo identicke subory
A0279,A-presna-kopia,ponechat,Pokojne do ticha modlitba znie (Pôstna).xml,Pokojne do ticha modlitba znie,Pôstna,ca30f774,3,Bajtovo identicke subory
A0279,A-presna-kopia,kandidat na zmazanie,Pokojne do ticha modlitba znie (Pôstna)-1.xml,Pokojne do ticha modlitba znie,Pôstna,ca30f774,3,Bajtovo identicke subory
A0279,A-presna-kopia,kandidat na zmazanie,Pokojne do ticha modlitba znie (Pôstna)-2.xml,Pokojne do ticha modlitba znie,Pôstna,ca30f774,3,Bajtovo identicke subory
A0280,A-presna-kopia,ponechat,"Poď, teraz je čas (Začiatok).xml","Poď, teraz je čas",Začiatok,cc7f7e34,3,Bajtovo identicke subory
A0280,A-presna-kopia,kandidat na zmazanie,"Poď, teraz je čas (Začiatok)-1.xml","Poď, teraz je čas",Začiatok,cc7f7e34,3,Bajtovo identicke subory
A0280,A-presna-kopia,kandidat na zmazanie,"Poď, teraz je čas (Začiatok)-2.xml","Poď, teraz je čas",Začiatok,cc7f7e34,3,Bajtovo identicke subory
A0281,A-presna-kopia,ponechat,"Požehnanie sv.Františka (Jerichove Trúby, svadobná).xml",Požehnanie sv.Františka,"Jerichove Trúby, svadobná",c3ec1d1b,3,Bajtovo identicke subory
A0281,A-presna-kopia,kandidat na zmazanie,"Požehnanie sv.Františka (Jerichove Trúby, svadobná)-1.xml",Požehnanie sv.Františka,"Jerichove Trúby, svadobná",c3ec1d1b,3,Bajtovo identicke subory
A0281,A-presna-kopia,kandidat na zmazanie,"Požehnanie sv.Františka (Jerichove Trúby, svadobná)-2.xml",Požehnanie sv.Františka,"Jerichove Trúby, svadobná",c3ec1d1b,3,Bajtovo identicke subory
A0282,A-presna-kopia,ponechat,Prežívam radosť (Prvé sv.prijímanie).xml,Prežívam radosť,Prvé sv.prijímanie,2afa95bb,5,Bajtovo identicke subory
A0282,A-presna-kopia,kandidat na zmazanie,Prežívam radosť (Prvé sv.prijímanie)-1.xml,Prežívam radosť,Prvé sv.prijímanie,2afa95bb,5,Bajtovo identicke subory
A0282,A-presna-kopia,kandidat na zmazanie,Prežívam radosť (Prvé sv.prijímanie)-2.xml,Prežívam radosť,Prvé sv.prijímanie,2afa95bb,5,Bajtovo identicke subory
A0283,A-presna-kopia,ponechat,"Prijmi tieto naše dary, Pane (Obetné dary).xml","Prijmi tieto naše dary, Pane",Obetné dary,102bb545,3,Bajtovo identicke subory
A0283,A-presna-kopia,kandidat na zmazanie,"Prijmi tieto naše dary, Pane (Obetné dary)-1.xml","Prijmi tieto naše dary, Pane",Obetné dary,102bb545,3,Bajtovo identicke subory
A0283,A-presna-kopia,kandidat na zmazanie,"Prijmi tieto naše dary, Pane (Obetné dary)-2.xml","Prijmi tieto naše dary, Pane",Obetné dary,102bb545,3,Bajtovo identicke subory
A0284,A-presna-kopia,ponechat,Privítajme Pána (Začiatok).xml,Privítajme Pána,Začiatok,a540d333,2,Bajtovo identicke subory
A0284,A-presna-kopia,kandidat na zmazanie,Privítajme Pána (Začiatok)-1.xml,Privítajme Pána,Začiatok,a540d333,2,Bajtovo identicke subory
A0284,A-presna-kopia,kandidat na zmazanie,Privítajme Pána (Začiatok)-2.xml,Privítajme Pána,Začiatok,a540d333,2,Bajtovo identicke subory
A0285,A-presna-kopia,ponechat,"Prišiel na zem konať dielo spásy (Pomalá, Pôstna).xml",Prišiel na zem konať dielo spásy,"Pomalá, Pôstna",3fc037de,5,Bajtovo identicke subory
A0285,A-presna-kopia,kandidat na zmazanie,"Prišiel na zem konať dielo spásy (Pomalá, Pôstna)-1.xml",Prišiel na zem konať dielo spásy,"Pomalá, Pôstna",3fc037de,5,Bajtovo identicke subory
A0285,A-presna-kopia,kandidat na zmazanie,"Prišiel na zem konať dielo spásy (Pomalá, Pôstna)-2.xml",Prišiel na zem konať dielo spásy,"Pomalá, Pôstna",3fc037de,5,Bajtovo identicke subory
A0286,A-presna-kopia,ponechat,"Príď, Pane, Príď (Slnko i mesiac zatmel sa) (Pomalá, Pôstna, Vianočná).xml","Príď, Pane, Príď (Slnko i mesiac zatmel sa)","Pomalá, Vianočná, Pôstna",9beab950,4,Bajtovo identicke subory
A0286,A-presna-kopia,kandidat na zmazanie,"Príď, Pane, Príď (Slnko i mesiac zatmel sa) (Pomalá, Pôstna, Vianočná)-1.xml","Príď, Pane, Príď (Slnko i mesiac zatmel sa)","Pomalá, Vianočná, Pôstna",9beab950,4,Bajtovo identicke subory
A0286,A-presna-kopia,kandidat na zmazanie,"Príď, Pane, Príď (Slnko i mesiac zatmel sa) (Pomalá, Pôstna, Vianočná)-2.xml","Príď, Pane, Príď (Slnko i mesiac zatmel sa)","Pomalá, Vianočná, Pôstna",9beab950,4,Bajtovo identicke subory
A0287,A-presna-kopia,ponechat,"Raduj sa, nebies Kráľovná (Modlitby).xml","Raduj sa, nebies Kráľovná",Modlitby,9eff1a03,2,Bajtovo identicke subory
A0287,A-presna-kopia,kandidat na zmazanie,"Raduj sa, nebies Kráľovná (Modlitby)-1.xml","Raduj sa, nebies Kráľovná",Modlitby,9eff1a03,2,Bajtovo identicke subory
A0287,A-presna-kopia,kandidat na zmazanie,"Raduj sa, nebies Kráľovná (Modlitby)-2.xml","Raduj sa, nebies Kráľovná",Modlitby,9eff1a03,2,Bajtovo identicke subory
A0288,A-presna-kopia,ponechat,Salve Regina (Mariánska).xml,Salve Regina,Mariánska,3cc71495,3,Bajtovo identicke subory
A0288,A-presna-kopia,kandidat na zmazanie,Salve Regina (Mariánska)-1.xml,Salve Regina,Mariánska,3cc71495,3,Bajtovo identicke subory
A0288,A-presna-kopia,kandidat na zmazanie,Salve Regina (Mariánska)-2.xml,Salve Regina,Mariánska,3cc71495,3,Bajtovo identicke subory
A0289,A-presna-kopia,ponechat,Si mojou skrýšou (Adorácia).xml,Si mojou skrýšou,Adorácia,2c1bb9ee,1,Bajtovo identicke subory
A0289,A-presna-kopia,kandidat na zmazanie,Si mojou skrýšou (Adorácia)-1.xml,Si mojou skrýšou,Adorácia,2c1bb9ee,1,Bajtovo identicke subory
A0289,A-presna-kopia,kandidat na zmazanie,Si mojou skrýšou (Adorácia)-2.xml,Si mojou skrýšou,Adorácia,2c1bb9ee,1,Bajtovo identicke subory
A0290,A-presna-kopia,ponechat,"Si môj Pán, Ježiš Kráľ (Author Unknown).xml","Si môj Pán, Ježiš Kráľ",Author Unknown,7d3cc737,3,Bajtovo identicke subory
A0290,A-presna-kopia,kandidat na zmazanie,"Si môj Pán, Ježiš Kráľ (Author Unknown)-1.xml","Si môj Pán, Ježiš Kráľ",Author Unknown,7d3cc737,3,Bajtovo identicke subory
A0290,A-presna-kopia,kandidat na zmazanie,"Si môj Pán, Ježiš Kráľ (Author Unknown)-2.xml","Si môj Pán, Ježiš Kráľ",Author Unknown,7d3cc737,3,Bajtovo identicke subory
A0291,A-presna-kopia,ponechat,"Si večný Boh (Adorácia, Advent, Pôstna).xml",Si večný Boh,"Advent, Pôstna, Adorácia",c7eb9f42,1,Bajtovo identicke subory
A0291,A-presna-kopia,kandidat na zmazanie,"Si večný Boh (Adorácia, Advent, Pôstna)-1.xml",Si večný Boh,"Advent, Pôstna, Adorácia",c7eb9f42,1,Bajtovo identicke subory
A0291,A-presna-kopia,kandidat na zmazanie,"Si večný Boh (Adorácia, Advent, Pôstna)-2.xml",Si večný Boh,"Advent, Pôstna, Adorácia",c7eb9f42,1,Bajtovo identicke subory
A0292,A-presna-kopia,ponechat,"Sing Aleluja (Chvály, Pomalá, Taize).xml",Sing Aleluja,"Chvály, Pomalá, Taize",a606763d,2,Bajtovo identicke subory
A0292,A-presna-kopia,kandidat na zmazanie,"Sing Aleluja (Chvály, Pomalá, Taize)-1.xml",Sing Aleluja,"Chvály, Pomalá, Taize",a606763d,2,Bajtovo identicke subory
A0292,A-presna-kopia,kandidat na zmazanie,"Sing Aleluja (Chvály, Pomalá, Taize)-2.xml",Sing Aleluja,"Chvály, Pomalá, Taize",a606763d,2,Bajtovo identicke subory
A0293,A-presna-kopia,ponechat,Skončila sa dlhá tmavá noc (Veľkonočná).xml,Skončila sa dlhá tmavá noc,Veľkonočná,9cc51028,4,Bajtovo identicke subory
A0293,A-presna-kopia,kandidat na zmazanie,Skončila sa dlhá tmavá noc (Veľkonočná)-1.xml,Skončila sa dlhá tmavá noc,Veľkonočná,9cc51028,4,Bajtovo identicke subory
A0293,A-presna-kopia,kandidat na zmazanie,Skončila sa dlhá tmavá noc (Veľkonočná)-2.xml,Skončila sa dlhá tmavá noc,Veľkonočná,9cc51028,4,Bajtovo identicke subory
A0294,A-presna-kopia,ponechat,Slnko Kristovej lásky (Author Unknown).xml,Slnko Kristovej lásky,Author Unknown,fd2aec65,1,Bajtovo identicke subory
A0294,A-presna-kopia,kandidat na zmazanie,Slnko Kristovej lásky (Author Unknown)-1.xml,Slnko Kristovej lásky,Author Unknown,fd2aec65,1,Bajtovo identicke subory
A0294,A-presna-kopia,kandidat na zmazanie,Slnko Kristovej lásky (Author Unknown)-2.xml,Slnko Kristovej lásky,Author Unknown,fd2aec65,1,Bajtovo identicke subory
A0295,A-presna-kopia,ponechat,Slávny si Kráľ (Adorácia).xml,Slávny si Kráľ,Adorácia,c87c91f2,1,Bajtovo identicke subory
A0295,A-presna-kopia,kandidat na zmazanie,Slávny si Kráľ (Adorácia)-1.xml,Slávny si Kráľ,Adorácia,c87c91f2,1,Bajtovo identicke subory
A0295,A-presna-kopia,kandidat na zmazanie,Slávny si Kráľ (Adorácia)-2.xml,Slávny si Kráľ,Adorácia,c87c91f2,1,Bajtovo identicke subory
A0296,A-presna-kopia,ponechat,Sme z rôznych strán a kútov (Začiatok).xml,Sme z rôznych strán a kútov,Začiatok,3bde5da6,3,Bajtovo identicke subory
A0296,A-presna-kopia,kandidat na zmazanie,Sme z rôznych strán a kútov (Začiatok)-1.xml,Sme z rôznych strán a kútov,Začiatok,3bde5da6,3,Bajtovo identicke subory
A0296,A-presna-kopia,kandidat na zmazanie,Sme z rôznych strán a kútov (Začiatok)-2.xml,Sme z rôznych strán a kútov,Začiatok,3bde5da6,3,Bajtovo identicke subory
A0297,A-presna-kopia,ponechat,"Spievaj Pánovi (Chvály, Pomalá, Taize).xml",Spievaj Pánovi,"Chvály, Pomalá, Taize",0c9e71fa,1,Bajtovo identicke subory
A0297,A-presna-kopia,kandidat na zmazanie,"Spievaj Pánovi (Chvály, Pomalá, Taize)-1.xml",Spievaj Pánovi,"Chvály, Pomalá, Taize",0c9e71fa,1,Bajtovo identicke subory
A0297,A-presna-kopia,kandidat na zmazanie,"Spievaj Pánovi (Chvály, Pomalá, Taize)-2.xml",Spievaj Pánovi,"Chvály, Pomalá, Taize",0c9e71fa,1,Bajtovo identicke subory
A0298,A-presna-kopia,ponechat,"Spiritus Jesu Christi (Advent, Pomalá, Pôstna, Taize).xml",Spiritus Jesu Christi,"Advent, Taize, Pomalá, Pôstna",6ee500fb,1,Bajtovo identicke subory
A0298,A-presna-kopia,kandidat na zmazanie,"Spiritus Jesu Christi (Advent, Pomalá, Pôstna, Taize)-1.xml",Spiritus Jesu Christi,"Advent, Taize, Pomalá, Pôstna",6ee500fb,1,Bajtovo identicke subory
A0298,A-presna-kopia,kandidat na zmazanie,"Spiritus Jesu Christi (Advent, Pomalá, Pôstna, Taize)-2.xml",Spiritus Jesu Christi,"Advent, Taize, Pomalá, Pôstna",6ee500fb,1,Bajtovo identicke subory
A0299,A-presna-kopia,ponechat,Spája nás nádej a láska (Author Unknown).xml,Spája nás nádej a láska,Author Unknown,68c0c227,6,Bajtovo identicke subory
A0299,A-presna-kopia,kandidat na zmazanie,Spája nás nádej a láska (Author Unknown)-1.xml,Spája nás nádej a láska,Author Unknown,68c0c227,6,Bajtovo identicke subory
A0299,A-presna-kopia,kandidat na zmazanie,Spája nás nádej a láska (Author Unknown)-2.xml,Spája nás nádej a láska,Author Unknown,68c0c227,6,Bajtovo identicke subory
A0300,A-presna-kopia,ponechat,Srdiečko (Prvé sv.prijímanie).xml,Srdiečko,Prvé sv.prijímanie,0fc791e3,4,Bajtovo identicke subory
A0300,A-presna-kopia,kandidat na zmazanie,Srdiečko (Prvé sv.prijímanie)-1.xml,Srdiečko,Prvé sv.prijímanie,0fc791e3,4,Bajtovo identicke subory
A0300,A-presna-kopia,kandidat na zmazanie,Srdiečko (Prvé sv.prijímanie)-2.xml,Srdiečko,Prvé sv.prijímanie,0fc791e3,4,Bajtovo identicke subory
A0301,A-presna-kopia,ponechat,"Stretol ma dnes Pán (Prijímanie, Veľkonočná).xml",Stretol ma dnes Pán,"Prijímanie, Veľkonočná",51c25615,1,Bajtovo identicke subory
A0301,A-presna-kopia,kandidat na zmazanie,"Stretol ma dnes Pán (Prijímanie, Veľkonočná)-1.xml",Stretol ma dnes Pán,"Prijímanie, Veľkonočná",51c25615,1,Bajtovo identicke subory
A0301,A-presna-kopia,kandidat na zmazanie,"Stretol ma dnes Pán (Prijímanie, Veľkonočná)-2.xml",Stretol ma dnes Pán,"Prijímanie, Veľkonočná",51c25615,1,Bajtovo identicke subory
A0302,A-presna-kopia,ponechat,"Surrexit Christus (Taize, Veľkonočná).xml",Surrexit Christus,"Veľkonočná, Taize",825a82ab,1,Bajtovo identicke subory
A0302,A-presna-kopia,kandidat na zmazanie,"Surrexit Christus (Taize, Veľkonočná)-1.xml",Surrexit Christus,"Veľkonočná, Taize",825a82ab,1,Bajtovo identicke subory
A0302,A-presna-kopia,kandidat na zmazanie,"Surrexit Christus (Taize, Veľkonočná)-2.xml",Surrexit Christus,"Veľkonočná, Taize",825a82ab,1,Bajtovo identicke subory
A0303,A-presna-kopia,ponechat,"Svadobná (Jerichove Trúby, svadobná).xml",Svadobná,"Jerichove Trúby, svadobná",9cb2f62b,4,Bajtovo identicke subory
A0303,A-presna-kopia,kandidat na zmazanie,"Svadobná (Jerichove Trúby, svadobná)-1.xml",Svadobná,"Jerichove Trúby, svadobná",9cb2f62b,4,Bajtovo identicke subory
A0303,A-presna-kopia,kandidat na zmazanie,"Svadobná (Jerichove Trúby, svadobná)-2.xml",Svadobná,"Jerichove Trúby, svadobná",9cb2f62b,4,Bajtovo identicke subory
A0304,A-presna-kopia,ponechat,"Svet sníval, že príde Kráľ (Vianočná).xml","Svet sníval, že príde Kráľ",Vianočná,0a56bd13,2,Bajtovo identicke subory
A0304,A-presna-kopia,kandidat na zmazanie,"Svet sníval, že príde Kráľ (Vianočná)-1.xml","Svet sníval, že príde Kráľ",Vianočná,0a56bd13,2,Bajtovo identicke subory
A0304,A-presna-kopia,kandidat na zmazanie,"Svet sníval, že príde Kráľ (Vianočná)-2.xml","Svet sníval, že príde Kráľ",Vianočná,0a56bd13,2,Bajtovo identicke subory
A0305,A-presna-kopia,ponechat,Svetlo (Author Unknown).xml,Svetlo,Author Unknown,b0d625a7,6,Bajtovo identicke subory
A0305,A-presna-kopia,kandidat na zmazanie,Svetlo (Author Unknown)-1.xml,Svetlo,Author Unknown,b0d625a7,6,Bajtovo identicke subory
A0305,A-presna-kopia,kandidat na zmazanie,Svetlo (Author Unknown)-2.xml,Svetlo,Author Unknown,b0d625a7,6,Bajtovo identicke subory
A0306,A-presna-kopia,ponechat,"Svätá Mária, Matka Božia (Mariánska, Pôstna, Taize).xml","Svätá Mária, Matka Božia","Mariánska, Pôstna, Taize",8afb5ab3,1,Bajtovo identicke subory
A0306,A-presna-kopia,kandidat na zmazanie,"Svätá Mária, Matka Božia (Mariánska, Pôstna, Taize)-1.xml","Svätá Mária, Matka Božia","Mariánska, Pôstna, Taize",8afb5ab3,1,Bajtovo identicke subory
A0306,A-presna-kopia,kandidat na zmazanie,"Svätá Mária, Matka Božia (Mariánska, Pôstna, Taize)-2.xml","Svätá Mária, Matka Božia","Mariánska, Pôstna, Taize",8afb5ab3,1,Bajtovo identicke subory
A0307,A-presna-kopia,ponechat,"Svätý, svätý (Svätý).xml","Svätý, svätý",Svätý,33f4a0ea,2,Bajtovo identicke subory
A0307,A-presna-kopia,kandidat na zmazanie,"Svätý, svätý (Svätý)-1.xml","Svätý, svätý",Svätý,33f4a0ea,2,Bajtovo identicke subory
A0307,A-presna-kopia,kandidat na zmazanie,"Svätý, svätý (Svätý)-2.xml","Svätý, svätý",Svätý,33f4a0ea,2,Bajtovo identicke subory
A0308,A-presna-kopia,ponechat,"Tam, tam pred Tvoju svätú tvár (Pôstna).xml","Tam, tam pred Tvoju svätú tvár",Pôstna,da629e68,4,Bajtovo identicke subory
A0308,A-presna-kopia,kandidat na zmazanie,"Tam, tam pred Tvoju svätú tvár (Pôstna)-1.xml","Tam, tam pred Tvoju svätú tvár",Pôstna,da629e68,4,Bajtovo identicke subory
A0308,A-presna-kopia,kandidat na zmazanie,"Tam, tam pred Tvoju svätú tvár (Pôstna)-2.xml","Tam, tam pred Tvoju svätú tvár",Pôstna,da629e68,4,Bajtovo identicke subory
A0309,A-presna-kopia,ponechat,"Tebe patrí chvála (Adorácia, Advent, Chvály, Pomalá, Pôstna).xml",Tebe patrí chvála,"Pomalá, Chvály, Adorácia, Advent, Pôstna",585fcf6b,1,Bajtovo identicke subory
A0309,A-presna-kopia,kandidat na zmazanie,"Tebe patrí chvála (Adorácia, Advent, Chvály, Pomalá, Pôstna)-1.xml",Tebe patrí chvála,"Pomalá, Chvály, Adorácia, Advent, Pôstna",585fcf6b,1,Bajtovo identicke subory
A0309,A-presna-kopia,kandidat na zmazanie,"Tebe patrí chvála (Adorácia, Advent, Chvály, Pomalá, Pôstna)-2.xml",Tebe patrí chvála,"Pomalá, Chvály, Adorácia, Advent, Pôstna",585fcf6b,1,Bajtovo identicke subory
A0310,A-presna-kopia,ponechat,"Teraz príď (Advent, Pomalá, Pôstna, Začiatok).xml",Teraz príď,"Pomalá, Advent, Začiatok, Pôstna",5e3b3f3f,1,Bajtovo identicke subory
A0310,A-presna-kopia,kandidat na zmazanie,"Teraz príď (Advent, Pomalá, Pôstna, Začiatok)-1.xml",Teraz príď,"Pomalá, Advent, Začiatok, Pôstna",5e3b3f3f,1,Bajtovo identicke subory
A0310,A-presna-kopia,kandidat na zmazanie,"Teraz príď (Advent, Pomalá, Pôstna, Začiatok)-2.xml",Teraz príď,"Pomalá, Advent, Začiatok, Pôstna",5e3b3f3f,1,Bajtovo identicke subory
A0311,A-presna-kopia,ponechat,"Toto je deň (Prvé sv.prijímanie, Začiatok).xml",Toto je deň,"Prvé sv.prijímanie, Začiatok",7b818ab8,1,Bajtovo identicke subory
A0311,A-presna-kopia,kandidat na zmazanie,"Toto je deň (Prvé sv.prijímanie, Začiatok)-1.xml",Toto je deň,"Prvé sv.prijímanie, Začiatok",7b818ab8,1,Bajtovo identicke subory
A0311,A-presna-kopia,kandidat na zmazanie,"Toto je deň (Prvé sv.prijímanie, Začiatok)-2.xml",Toto je deň,"Prvé sv.prijímanie, Začiatok",7b818ab8,1,Bajtovo identicke subory
A0312,A-presna-kopia,ponechat,Toto sú dni Eliáša (Prijímanie).xml,Toto sú dni Eliáša,Prijímanie,128ce4eb,3,Bajtovo identicke subory
A0312,A-presna-kopia,kandidat na zmazanie,Toto sú dni Eliáša (Prijímanie)-1.xml,Toto sú dni Eliáša,Prijímanie,128ce4eb,3,Bajtovo identicke subory
A0312,A-presna-kopia,kandidat na zmazanie,Toto sú dni Eliáša (Prijímanie)-2.xml,Toto sú dni Eliáša,Prijímanie,128ce4eb,3,Bajtovo identicke subory
A0313,A-presna-kopia,ponechat,Tvoja láska dvíha ma (detsky zbor).xml,Tvoja láska dvíha ma,detsky zbor,32032bf0,3,Bajtovo identicke subory
A0313,A-presna-kopia,kandidat na zmazanie,Tvoja láska dvíha ma (detsky zbor)-1.xml,Tvoja láska dvíha ma,detsky zbor,32032bf0,3,Bajtovo identicke subory
A0314,A-presna-kopia,ponechat,"Ty si Najvyšší, Ty si Pán (Author Unknown).xml","Ty si Najvyšší, Ty si Pán",Author Unknown,f6f95442,1,Bajtovo identicke subory
A0314,A-presna-kopia,kandidat na zmazanie,"Ty si Najvyšší, Ty si Pán (Author Unknown)-1.xml","Ty si Najvyšší, Ty si Pán",Author Unknown,f6f95442,1,Bajtovo identicke subory
A0314,A-presna-kopia,kandidat na zmazanie,"Ty si Najvyšší, Ty si Pán (Author Unknown)-2.xml","Ty si Najvyšší, Ty si Pán",Author Unknown,f6f95442,1,Bajtovo identicke subory
A0315,A-presna-kopia,ponechat,Ty si Pánom mojich dní (Pôstna).xml,Ty si Pánom mojich dní,Pôstna,ad9ab2ad,2,Bajtovo identicke subory
A0315,A-presna-kopia,kandidat na zmazanie,Ty si Pánom mojich dní (Pôstna)-1.xml,Ty si Pánom mojich dní,Pôstna,ad9ab2ad,2,Bajtovo identicke subory
A0315,A-presna-kopia,kandidat na zmazanie,Ty si Pánom mojich dní (Pôstna)-2.xml,Ty si Pánom mojich dní,Pôstna,ad9ab2ad,2,Bajtovo identicke subory
A0316,A-presna-kopia,ponechat,"Ty si Pánom, Ty si Kráľom (Prijímanie).xml","Ty si Pánom, Ty si Kráľom",Prijímanie,93fb6c01,2,Bajtovo identicke subory
A0316,A-presna-kopia,kandidat na zmazanie,"Ty si Pánom, Ty si Kráľom (Prijímanie)-1.xml","Ty si Pánom, Ty si Kráľom",Prijímanie,93fb6c01,2,Bajtovo identicke subory
A0316,A-presna-kopia,kandidat na zmazanie,"Ty si Pánom, Ty si Kráľom (Prijímanie)-2.xml","Ty si Pánom, Ty si Kráľom",Prijímanie,93fb6c01,2,Bajtovo identicke subory
A0317,A-presna-kopia,ponechat,Ty si mi radosť dal. (Author Unknown).xml,Ty si mi radosť dal.,Author Unknown,3fc36deb,2,Bajtovo identicke subory
A0317,A-presna-kopia,kandidat na zmazanie,Ty si mi radosť dal. (Author Unknown)-1.xml,Ty si mi radosť dal.,Author Unknown,3fc36deb,2,Bajtovo identicke subory
A0317,A-presna-kopia,kandidat na zmazanie,Ty si mi radosť dal. (Author Unknown)-2.xml,Ty si mi radosť dal.,Author Unknown,3fc36deb,2,Bajtovo identicke subory
A0318,A-presna-kopia,ponechat,Ty si môj Pastier (Prijímanie).xml,Ty si môj Pastier,Prijímanie,97cf59b1,2,Bajtovo identicke subory
A0318,A-presna-kopia,kandidat na zmazanie,Ty si môj Pastier (Prijímanie)-1.xml,Ty si môj Pastier,Prijímanie,97cf59b1,2,Bajtovo identicke subory
A0318,A-presna-kopia,kandidat na zmazanie,Ty si môj Pastier (Prijímanie)-2.xml,Ty si môj Pastier,Prijímanie,97cf59b1,2,Bajtovo identicke subory
A0319,A-presna-kopia,ponechat,"Ty si môj Pán, Ty dvíhaš ma (Pôstna).xml","Ty si môj Pán, Ty dvíhaš ma",Pôstna,fb39331f,2,Bajtovo identicke subory
A0319,A-presna-kopia,kandidat na zmazanie,"Ty si môj Pán, Ty dvíhaš ma (Pôstna)-1.xml","Ty si môj Pán, Ty dvíhaš ma",Pôstna,fb39331f,2,Bajtovo identicke subory
A0319,A-presna-kopia,kandidat na zmazanie,"Ty si môj Pán, Ty dvíhaš ma (Pôstna)-2.xml","Ty si môj Pán, Ty dvíhaš ma",Pôstna,fb39331f,2,Bajtovo identicke subory
A0320,A-presna-kopia,ponechat,"Ty si môj Pán, ja Ťa chválim (Kompromis).xml","Ty si môj Pán, ja Ťa chválim",Kompromis,cd2434f7,2,Bajtovo identicke subory
A0320,A-presna-kopia,kandidat na zmazanie,"Ty si môj Pán, ja Ťa chválim (Kompromis)-1.xml","Ty si môj Pán, ja Ťa chválim",Kompromis,cd2434f7,2,Bajtovo identicke subory
A0320,A-presna-kopia,kandidat na zmazanie,"Ty si môj Pán, ja Ťa chválim (Kompromis)-2.xml","Ty si môj Pán, ja Ťa chválim",Kompromis,cd2434f7,2,Bajtovo identicke subory
A0321,A-presna-kopia,ponechat,"Ty si, Pane, stále pri mne (Pôstna).xml","Ty si, Pane, stále pri mne",Pôstna,472cc871,1,Bajtovo identicke subory
A0321,A-presna-kopia,kandidat na zmazanie,"Ty si, Pane, stále pri mne (Pôstna)-1.xml","Ty si, Pane, stále pri mne",Pôstna,472cc871,1,Bajtovo identicke subory
A0321,A-presna-kopia,kandidat na zmazanie,"Ty si, Pane, stále pri mne (Pôstna)-2.xml","Ty si, Pane, stále pri mne",Pôstna,472cc871,1,Bajtovo identicke subory
A0322,A-presna-kopia,ponechat,"Ubi caritas (Pomalá, Pôstna, Taize).xml",Ubi caritas,"Pôstna, Taize, Pomalá",c326ccaa,1,Bajtovo identicke subory
A0322,A-presna-kopia,kandidat na zmazanie,"Ubi caritas (Pomalá, Pôstna, Taize)-1.xml",Ubi caritas,"Pôstna, Taize, Pomalá",c326ccaa,1,Bajtovo identicke subory
A0322,A-presna-kopia,kandidat na zmazanie,"Ubi caritas (Pomalá, Pôstna, Taize)-2.xml",Ubi caritas,"Pôstna, Taize, Pomalá",c326ccaa,1,Bajtovo identicke subory
A0323,A-presna-kopia,ponechat,"V Bohu je moja spása i sláva moja (Advent, Chvály, Pomalá, Pôstna, Taize).xml",V Bohu je moja spása i sláva moja,"Advent, Pôstna, Chvály, Pomalá, Taize",6b7910e9,1,Bajtovo identicke subory
A0323,A-presna-kopia,kandidat na zmazanie,"V Bohu je moja spása i sláva moja (Advent, Chvály, Pomalá, Pôstna, Taize)-1.xml",V Bohu je moja spása i sláva moja,"Advent, Pôstna, Chvály, Pomalá, Taize",6b7910e9,1,Bajtovo identicke subory
A0323,A-presna-kopia,kandidat na zmazanie,"V Bohu je moja spása i sláva moja (Advent, Chvály, Pomalá, Pôstna, Taize)-2.xml",V Bohu je moja spása i sláva moja,"Advent, Pôstna, Chvály, Pomalá, Taize",6b7910e9,1,Bajtovo identicke subory
A0324,A-presna-kopia,ponechat,V jeho náručí (Detičky) (Author Unknown).xml,V jeho náručí (Detičky),Author Unknown,a4ce664d,3,Bajtovo identicke subory
A0324,A-presna-kopia,kandidat na zmazanie,V jeho náručí (Detičky) (Author Unknown)-1.xml,V jeho náručí (Detičky),Author Unknown,a4ce664d,3,Bajtovo identicke subory
A0324,A-presna-kopia,kandidat na zmazanie,V jeho náručí (Detičky) (Author Unknown)-2.xml,V jeho náručí (Detičky),Author Unknown,a4ce664d,3,Bajtovo identicke subory
A0325,A-presna-kopia,ponechat,"Večernica (Pomalá, Záver).xml",Večernica,"Záver, Pomalá",b0f2203a,1,Bajtovo identicke subory
A0325,A-presna-kopia,kandidat na zmazanie,"Večernica (Pomalá, Záver)-1.xml",Večernica,"Záver, Pomalá",b0f2203a,1,Bajtovo identicke subory
A0325,A-presna-kopia,kandidat na zmazanie,"Večernica (Pomalá, Záver)-2.xml",Večernica,"Záver, Pomalá",b0f2203a,1,Bajtovo identicke subory
A0326,A-presna-kopia,ponechat,Viac lásky viac sily (Adorácia)-1.xml,Viac lásky viac sily,Adorácia,0e6bd0e0,1,Bajtovo identicke subory
A0326,A-presna-kopia,kandidat na zmazanie,Viac lásky viac sily (Adorácia)-2.xml,Viac lásky viac sily,Adorácia,0e6bd0e0,1,Bajtovo identicke subory
A0327,A-presna-kopia,ponechat,Vianočná (Vianočná).xml,Vianočná,Vianočná,8498cc40,4,Bajtovo identicke subory
A0327,A-presna-kopia,kandidat na zmazanie,Vianočná (Vianočná)-1.xml,Vianočná,Vianočná,8498cc40,4,Bajtovo identicke subory
A0327,A-presna-kopia,kandidat na zmazanie,Vianočná (Vianočná)-2.xml,Vianočná,Vianočná,8498cc40,4,Bajtovo identicke subory
A0328,A-presna-kopia,ponechat,Vladca (detsky zbor).xml,Vladca,detsky zbor,cef260c9,4,Bajtovo identicke subory
A0328,A-presna-kopia,kandidat na zmazanie,Vladca (detsky zbor)-1.xml,Vladca,detsky zbor,cef260c9,4,Bajtovo identicke subory
A0329,A-presna-kopia,ponechat,Vody nezahasia Lásku tú (Adorácia).xml,Vody nezahasia Lásku tú,Adorácia,bd841582,2,Bajtovo identicke subory
A0329,A-presna-kopia,kandidat na zmazanie,Vody nezahasia Lásku tú (Adorácia)-1.xml,Vody nezahasia Lásku tú,Adorácia,bd841582,2,Bajtovo identicke subory
A0329,A-presna-kopia,kandidat na zmazanie,Vody nezahasia Lásku tú (Adorácia)-2.xml,Vody nezahasia Lásku tú,Adorácia,bd841582,2,Bajtovo identicke subory
A0330,A-presna-kopia,ponechat,Vznešený (Adorácia).xml,Vznešený,Adorácia,38e2e73b,1,Bajtovo identicke subory
A0330,A-presna-kopia,kandidat na zmazanie,Vznešený (Adorácia)-1.xml,Vznešený,Adorácia,38e2e73b,1,Bajtovo identicke subory
A0330,A-presna-kopia,kandidat na zmazanie,Vznešený (Adorácia)-2.xml,Vznešený,Adorácia,38e2e73b,1,Bajtovo identicke subory
A0331,A-presna-kopia,ponechat,Víťaz Kristus z mŕtvych vstáva (Veľkonočná).xml,Víťaz Kristus z mŕtvych vstáva,Veľkonočná,910252ac,3,Bajtovo identicke subory
A0331,A-presna-kopia,kandidat na zmazanie,Víťaz Kristus z mŕtvych vstáva (Veľkonočná)-1.xml,Víťaz Kristus z mŕtvych vstáva,Veľkonočná,910252ac,3,Bajtovo identicke subory
A0331,A-presna-kopia,kandidat na zmazanie,Víťaz Kristus z mŕtvych vstáva (Veľkonočná)-2.xml,Víťaz Kristus z mŕtvych vstáva,Veľkonočná,910252ac,3,Bajtovo identicke subory
A0332,A-presna-kopia,ponechat,Vďaka Ježiš (Záver).xml,Vďaka Ježiš,Záver,59e45197,1,Bajtovo identicke subory
A0332,A-presna-kopia,kandidat na zmazanie,Vďaka Ježiš (Záver)-1.xml,Vďaka Ježiš,Záver,59e45197,1,Bajtovo identicke subory
A0332,A-presna-kopia,kandidat na zmazanie,Vďaka Ježiš (Záver)-2.xml,Vďaka Ježiš,Záver,59e45197,1,Bajtovo identicke subory
A0333,A-presna-kopia,ponechat,Vďaka za Tvoj kríž (Pôstna).xml,Vďaka za Tvoj kríž,Pôstna,61ea3cde,2,Bajtovo identicke subory
A0333,A-presna-kopia,kandidat na zmazanie,Vďaka za Tvoj kríž (Pôstna)-1.xml,Vďaka za Tvoj kríž,Pôstna,61ea3cde,2,Bajtovo identicke subory
A0333,A-presna-kopia,kandidat na zmazanie,Vďaka za Tvoj kríž (Pôstna)-2.xml,Vďaka za Tvoj kríž,Pôstna,61ea3cde,2,Bajtovo identicke subory
A0334,A-presna-kopia,ponechat,Vždy je s nami tá (Mariánska).xml,Vždy je s nami tá,Mariánska,21f5b2e3,3,Bajtovo identicke subory
A0334,A-presna-kopia,kandidat na zmazanie,Vždy je s nami tá (Mariánska)-1.xml,Vždy je s nami tá,Mariánska,21f5b2e3,3,Bajtovo identicke subory
A0334,A-presna-kopia,kandidat na zmazanie,Vždy je s nami tá (Mariánska)-2.xml,Vždy je s nami tá,Mariánska,21f5b2e3,3,Bajtovo identicke subory
A0335,A-presna-kopia,ponechat,Zapálení (Začiatok).xml,Zapálení,Začiatok,36b247e0,4,Bajtovo identicke subory
A0335,A-presna-kopia,kandidat na zmazanie,Zapálení (Začiatok)-1.xml,Zapálení,Začiatok,36b247e0,4,Bajtovo identicke subory
A0335,A-presna-kopia,kandidat na zmazanie,Zapálení (Začiatok)-2.xml,Zapálení,Začiatok,36b247e0,4,Bajtovo identicke subory
A0336,A-presna-kopia,ponechat,Zjednotení v Duchu (Duch svätý).xml,Zjednotení v Duchu,Duch svätý,90407aef,4,Bajtovo identicke subory
A0336,A-presna-kopia,kandidat na zmazanie,Zjednotení v Duchu (Duch svätý)-1.xml,Zjednotení v Duchu,Duch svätý,90407aef,4,Bajtovo identicke subory
A0336,A-presna-kopia,kandidat na zmazanie,Zjednotení v Duchu (Duch svätý)-2.xml,Zjednotení v Duchu,Duch svätý,90407aef,4,Bajtovo identicke subory
A0337,A-presna-kopia,ponechat,"Zo všetkého, čo máme (Obetné dary).xml","Zo všetkého, čo máme",Obetné dary,4c095bfe,4,Bajtovo identicke subory
A0337,A-presna-kopia,kandidat na zmazanie,"Zo všetkého, čo máme (Obetné dary)-1.xml","Zo všetkého, čo máme",Obetné dary,4c095bfe,4,Bajtovo identicke subory
A0337,A-presna-kopia,kandidat na zmazanie,"Zo všetkého, čo máme (Obetné dary)-2.xml","Zo všetkého, čo máme",Obetné dary,4c095bfe,4,Bajtovo identicke subory
A0338,A-presna-kopia,ponechat,"Zostaňte tu a modlite sa (Pôstna, Taize).xml",Zostaňte tu a modlite sa,"Taize, Pôstna",d6b8ff29,1,Bajtovo identicke subory
A0338,A-presna-kopia,kandidat na zmazanie,"Zostaňte tu a modlite sa (Pôstna, Taize)-1.xml",Zostaňte tu a modlite sa,"Taize, Pôstna",d6b8ff29,1,Bajtovo identicke subory
A0338,A-presna-kopia,kandidat na zmazanie,"Zostaňte tu a modlite sa (Pôstna, Taize)-2.xml",Zostaňte tu a modlite sa,"Taize, Pôstna",d6b8ff29,1,Bajtovo identicke subory
A0339,A-presna-kopia,ponechat,Zvelebený si Bože naveky (Obetné dary).xml,Zvelebený si Bože naveky,Obetné dary,c7cf84c8,3,Bajtovo identicke subory
A0339,A-presna-kopia,kandidat na zmazanie,Zvelebený si Bože naveky (Obetné dary)-1.xml,Zvelebený si Bože naveky,Obetné dary,c7cf84c8,3,Bajtovo identicke subory
A0339,A-presna-kopia,kandidat na zmazanie,Zvelebený si Bože naveky (Obetné dary)-2.xml,Zvelebený si Bože naveky,Obetné dary,c7cf84c8,3,Bajtovo identicke subory
A0340,A-presna-kopia,ponechat,"Zídení (Advent, Pôstna, Začiatok).xml",Zídení,"Advent, Začiatok, Pôstna",ad36da0d,2,Bajtovo identicke subory
A0340,A-presna-kopia,kandidat na zmazanie,"Zídení (Advent, Pôstna, Začiatok)-1.xml",Zídení,"Advent, Začiatok, Pôstna",ad36da0d,2,Bajtovo identicke subory
A0340,A-presna-kopia,kandidat na zmazanie,"Zídení (Advent, Pôstna, Začiatok)-2.xml",Zídení,"Advent, Začiatok, Pôstna",ad36da0d,2,Bajtovo identicke subory
A0341,A-presna-kopia,ponechat,"Ó Kriste, večná tebe chvála (JKS, Veľkonočná).xml","Ó Kriste, večná tebe chvála","JKS, Veľkonočná",af7b50d8,4,Bajtovo identicke subory
A0341,A-presna-kopia,kandidat na zmazanie,"Ó Kriste, večná tebe chvála (JKS, Veľkonočná)-1.xml","Ó Kriste, večná tebe chvála","JKS, Veľkonočná",af7b50d8,4,Bajtovo identicke subory
A0341,A-presna-kopia,kandidat na zmazanie,"Ó Kriste, večná tebe chvála (JKS, Veľkonočná)-2.xml","Ó Kriste, večná tebe chvála","JKS, Veľkonočná",af7b50d8,4,Bajtovo identicke subory
A0342,A-presna-kopia,ponechat,Čakajú ťa nástrahy (Mariánska).xml,Čakajú ťa nástrahy,Mariánska,d7a57074,4,Bajtovo identicke subory
A0342,A-presna-kopia,kandidat na zmazanie,Čakajú ťa nástrahy (Mariánska)-1.xml,Čakajú ťa nástrahy,Mariánska,d7a57074,4,Bajtovo identicke subory
A0342,A-presna-kopia,kandidat na zmazanie,Čakajú ťa nástrahy (Mariánska)-2.xml,Čakajú ťa nástrahy,Mariánska,d7a57074,4,Bajtovo identicke subory
A0343,A-presna-kopia,ponechat,"Ďakuj Bohu, rád ťa má (Adorácia).xml","Ďakuj Bohu, rád ťa má",Adorácia,e1901669,1,Bajtovo identicke subory
A0343,A-presna-kopia,kandidat na zmazanie,"Ďakuj Bohu, rád ťa má (Adorácia)-1.xml","Ďakuj Bohu, rád ťa má",Adorácia,e1901669,1,Bajtovo identicke subory
A0343,A-presna-kopia,kandidat na zmazanie,"Ďakuj Bohu, rád ťa má (Adorácia)-2.xml","Ďakuj Bohu, rád ťa má",Adorácia,e1901669,1,Bajtovo identicke subory
A0344,A-presna-kopia,ponechat,Šťastie (Mariánska).xml,Šťastie,Mariánska,f895d826,4,Bajtovo identicke subory
A0344,A-presna-kopia,kandidat na zmazanie,Šťastie (Mariánska)-1.xml,Šťastie,Mariánska,f895d826,4,Bajtovo identicke subory
A0344,A-presna-kopia,kandidat na zmazanie,Šťastie (Mariánska)-2.xml,Šťastie,Mariánska,f895d826,4,Bajtovo identicke subory
A0345,A-presna-kopia,ponechat,Ž 122 (JKS).xml,Ž 122,JKS,7a82bb11,1,Bajtovo identicke subory
A0345,A-presna-kopia,kandidat na zmazanie,Ž 122 (JKS)-1.xml,Ž 122,JKS,7a82bb11,1,Bajtovo identicke subory
B0346,B-variant-s-priponou-N,ponechat,"034. Syn Boží sa nám narodil (JKS, Vianočná).xml",034. Syn Boží sa nám narodil,"JKS, Vianočná",be5ec947,4,Rozdiel len v poradi autorov / metadatach
B0346,B-variant-s-priponou-N,skontrolovat,"034. Syn Boží sa nám narodil (JKS, Vianočná)-1.xml",034. Syn Boží sa nám narodil,"Vianočná, JKS",c7d63a7a,4,Rozdiel len v poradi autorov / metadatach
B0347,B-variant-s-priponou-N,ponechat,"109. Hľa, aká to hviezda krásna (JKS, Traja králi).xml","109. Hľa, aká to hviezda krásna","JKS, Traja králi",62aadc38,5,Rozdiel len v poradi autorov / metadatach
B0347,B-variant-s-priponou-N,skontrolovat,"109. Hľa, aká to hviezda krásna (JKS, Traja králi)-1.xml","109. Hľa, aká to hviezda krásna","Traja králi, JKS",13958e44,5,Rozdiel len v poradi autorov / metadatach
B0348,B-variant-s-priponou-N,ponechat,"123. (JKS, Pôstna).xml",123.,"JKS, Pôstna",f47d6f44,6,Rozdiel len v poradi autorov / metadatach
B0348,B-variant-s-priponou-N,skontrolovat,"123. (JKS, Pôstna)-1.xml",123.,"Pôstna, JKS",3aab5336,6,Rozdiel len v poradi autorov / metadatach
B0349,B-variant-s-priponou-N,ponechat,"146. Ku krížu svätému (JKS, Pôstna).xml",146. Ku krížu svätému,"JKS, Pôstna",77073ee5,5,Rozdiel len v poradi autorov / metadatach
B0349,B-variant-s-priponou-N,skontrolovat,"146. Ku krížu svätému (JKS, Pôstna)-1.xml",146. Ku krížu svätému,"JKS, Pôstna",cfb03463,5,Rozdiel len v poradi autorov / metadatach
B0350,B-variant-s-priponou-N,ponechat,166. Presväté znamenie (JKS).xml,166. Presväté znamenie,JKS,c39f3179,3,Odlisny text
B0350,B-variant-s-priponou-N,skontrolovat,166. Presväté znamenie (JKS)-1.xml,166. Presväté znamenie,JKS,7d55bc9c,3,Odlisny text
B0351,B-variant-s-priponou-N,ponechat,"213. Vstúpil Kristus Pán do neba (JKS, Nanebovstúpenie).xml",213. Vstúpil Kristus Pán do neba,"JKS, Nanebovstúpenie",c1e3d718,9,Rozdiel len v poradi autorov / metadatach
B0351,B-variant-s-priponou-N,skontrolovat,"213. Vstúpil Kristus Pán do neba (JKS, Nanebovstúpenie)-1.xml",213. Vstúpil Kristus Pán do neba,"Nanebovstúpenie, JKS",3aa874c6,9,Rozdiel len v poradi autorov / metadatach
B0352,B-variant-s-priponou-N,ponechat,"217. (Duch svätý, JKS).xml",217.,"JKS, Duch svätý",a7cc19e4,7,Rozdiel len v poradi autorov / metadatach
B0352,B-variant-s-priponou-N,skontrolovat,"217. (Duch svätý, JKS)-1.xml",217.,"Duch svätý, JKS",dbbe6646,7,Rozdiel len v poradi autorov / metadatach
B0353,B-variant-s-priponou-N,ponechat,"223. a. pri sv.omši (JKS, Na Božie Telo).xml",223. a. pri sv.omši,"JKS, Na Božie Telo",7a9eae5c,7,Rozdiel len v poradi autorov / metadatach
B0353,B-variant-s-priponou-N,skontrolovat,"223. a. pri sv.omši (JKS, Na Božie Telo)-1.xml",223. a. pri sv.omši,"Na Božie Telo, JKS",53928c46,7,Rozdiel len v poradi autorov / metadatach
B0354,B-variant-s-priponou-N,ponechat,"227. Daruj, ó Ježiš, srdce mne (Božské Srdce, JKS).xml","227. Daruj, ó Ježiš, srdce mne","JKS, Božské Srdce",44e44002,6,Rozdiel len v poradi autorov / metadatach
B0354,B-variant-s-priponou-N,skontrolovat,"227. Daruj, ó Ježiš, srdce mne (Božské Srdce, JKS)-1.xml","227. Daruj, ó Ježiš, srdce mne","Božské Srdce, JKS",4de4a06f,6,Rozdiel len v poradi autorov / metadatach
B0355,B-variant-s-priponou-N,ponechat,"236. Omša sa už začína (JKS, Začiatok).xml",236. Omša sa už začína,"JKS, Začiatok",8d24ff78,10,Odlisny text
B0355,B-variant-s-priponou-N,skontrolovat,"236. Omša sa už začína (JKS, Začiatok)-1.xml",236. Omša sa už začína,"JKS, Začiatok",c19970ee,10,Odlisny text
B0356,B-variant-s-priponou-N,ponechat,"245. My klaniame sa tebe (JKS, Začiatok).xml",245. My klaniame sa tebe,"JKS, Začiatok",74023943,6,Odlisny text
B0356,B-variant-s-priponou-N,skontrolovat,"245. My klaniame sa tebe (JKS, Začiatok)-1.xml",245. My klaniame sa tebe,"JKS, Začiatok",8d5285ea,6,Odlisny text
B0357,B-variant-s-priponou-N,ponechat,"248. Ó trojjediný Bože (JKS, Začiatok).xml",248. Ó trojjediný Bože,"JKS, Začiatok",daf2d010,5,Rozdiel len v poradi autorov / metadatach
B0357,B-variant-s-priponou-N,skontrolovat,"248. Ó trojjediný Bože (JKS, Začiatok)-1.xml",248. Ó trojjediný Bože,"JKS, Začiatok",3a0f4d6a,5,Rozdiel len v poradi autorov / metadatach
B0358,B-variant-s-priponou-N,ponechat,"257. Ty si, Pane v každom chráme (JKS, Začiatok).xml","257. Ty si, Pane v každom chráme","JKS, Začiatok",6d8c7c01,2,Odlisny text
B0358,B-variant-s-priponou-N,skontrolovat,"257. Ty si, Pane v každom chráme (JKS, Začiatok)-1.xml","257. Ty si, Pane v každom chráme","JKS, Začiatok",679b1015,6,Odlisny text
B0359,B-variant-s-priponou-N,ponechat,"260. Pokľakni na kolená (Eucharistické, JKS).xml",260. Pokľakni na kolená,"JKS, Eucharistické",8e2be578,8,Rozdiel len v poradi autorov / metadatach
B0359,B-variant-s-priponou-N,skontrolovat,"260. Pokľakni na kolená (Eucharistické, JKS)-1.xml",260. Pokľakni na kolená,"Eucharistické, JKS",7a03ed46,8,Rozdiel len v poradi autorov / metadatach
B0360,B-variant-s-priponou-N,ponechat,"394. Ó, Mária, bolestivá (JKS, Mariánska).xml","394. Ó, Mária, bolestivá","Mariánska, JKS",0feeeba2,3,Rozdiel len v poradi autorov / metadatach
B0360,B-variant-s-priponou-N,skontrolovat,"394. Ó, Mária, bolestivá (JKS, Mariánska)-1.xml","394. Ó, Mária, bolestivá","Mariánska, JKS",b7af1982,3,Rozdiel len v poradi autorov / metadatach
B0361,B-variant-s-priponou-N,ponechat,446. Večnou slávou venčený (JKS).xml,446. Večnou slávou venčený,JKS,acf4808b,5,Odlisny text
B0361,B-variant-s-priponou-N,skontrolovat,446. Večnou slávou venčený (JKS)-1.xml,446. Večnou slávou venčený,JKS,1ac1d242,16,Odlisny text
B0362,B-variant-s-priponou-N,ponechat,"525. Teba, Bože, chválime (JKS).xml","525. Teba, Bože, chválime",JKS,d43e62e0,5,Rozdiel len v poradi autorov / metadatach
B0362,B-variant-s-priponou-N,skontrolovat,"525. Teba, Bože, chválime (JKS)-1.xml","525. Teba, Bože, chválime",JKS,2c94d962,5,Rozdiel len v poradi autorov / metadatach
B0363,B-variant-s-priponou-N,ponechat,536 Ctime túto sviatosť slávnu (JKS).xml,536 Ctime túto sviatosť slávnu,JKS,a2c159a2,4,"Rovnaky text, ina deliacia slôh (pocet slôh: 4/2)"
B0363,B-variant-s-priponou-N,skontrolovat,536 Ctime túto sviatosť slávnu (JKS)-1.xml,536 Ctime túto sviatosť slávnu,JKS,cd785fd1,2,"Rovnaky text, ina deliacia slôh (pocet slôh: 4/2)"
B0364,B-variant-s-priponou-N,ponechat,Agnus Dei (Baránok Boží).xml,Agnus Dei,Baránok Boží,58ecd1d0,1,"Rovnaky text, ina deliacia slôh (pocet slôh: 1/2/1)"
B0364,B-variant-s-priponou-N,skontrolovat,Agnus Dei (Baránok Boží)-1.xml,Agnus Dei,Baránok Boží,52d02cb9,2,"Rovnaky text, ina deliacia slôh (pocet slôh: 1/2/1)"
B0364,B-variant-s-priponou-N,skontrolovat,Agnus Dei (Baránok Boží)-2.xml,Agnus Dei,Baránok Boží,58ecd1d0,1,"Rovnaky text, ina deliacia slôh (pocet slôh: 1/2/1)"
B0365,B-variant-s-priponou-N,ponechat,"Bože Otče, teraz vidím (Chvály).xml","Bože Otče, teraz vidím",Chvály,c1fdd47c,2,Rozdiel len v poradi autorov / metadatach
B0365,B-variant-s-priponou-N,skontrolovat,"Bože Otče, teraz vidím (Chvály)-1.xml","Bože Otče, teraz vidím",Chvály,c1fdd47c,2,Rozdiel len v poradi autorov / metadatach
B0365,B-variant-s-priponou-N,skontrolovat,"Bože Otče, teraz vidím (Chvály)-2.xml","Bože Otče, teraz vidím",Chvály,0d9f5875,2,Rozdiel len v poradi autorov / metadatach
B0366,B-variant-s-priponou-N,ponechat,Duchu svätý volám príď (Duch svätý).xml,Duchu svätý volám príď,Duch svätý,f5105fc5,1,"Rovnaky text, ina deliacia slôh (pocet slôh: 1/2)"
B0366,B-variant-s-priponou-N,skontrolovat,Duchu svätý volám príď (Duch svätý)-1.xml,Duchu svätý volám príď,Duch svätý,033d4541,2,"Rovnaky text, ina deliacia slôh (pocet slôh: 1/2)"
B0367,B-variant-s-priponou-N,ponechat,"Dávam všetko (Adorácia, Obetné dary, Rieka života).xml",Dávam všetko,"Adorácia, Obetné dary, Rieka života",64f01830,3,Rozdiel len v poradi autorov / metadatach
B0367,B-variant-s-priponou-N,skontrolovat,"Dávam všetko (Adorácia, Obetné dary, Rieka života)-1.xml",Dávam všetko,"Obetné dary, Rieka života, Adorácia",4a15b00c,3,Rozdiel len v poradi autorov / metadatach
B0367,B-variant-s-priponou-N,skontrolovat,"Dávam všetko (Adorácia, Obetné dary, Rieka života)-2.xml",Dávam všetko,"Obetné dary, Rieka života, Adorácia",4a15b00c,3,Rozdiel len v poradi autorov / metadatach
B0368,B-variant-s-priponou-N,ponechat,Glória - UPC (Glória).xml,Glória - UPC,Glória,23928c06,4,Odlisny text
B0368,B-variant-s-priponou-N,skontrolovat,Glória - UPC (Glória)-1.xml,Glória - UPC,Glória,87a91268,4,Odlisny text
B0368,B-variant-s-priponou-N,skontrolovat,Glória - UPC (Glória)-2.xml,Glória - UPC,Glória,23928c06,4,Odlisny text
B0369,B-variant-s-priponou-N,ponechat,"Laudate omnes gentes (Advent, Chvály, Pomalá, Pôstna, Taize).xml",Laudate omnes gentes,"Advent, Pôstna, Pomalá, Chvály, Taize",fe9d08f4,1,Rozdiel len v poradi autorov / metadatach
B0369,B-variant-s-priponou-N,skontrolovat,"Laudate omnes gentes (Advent, Chvály, Pomalá, Pôstna, Taize)-1.xml",Laudate omnes gentes,"Advent, Pôstna, Pomalá, Chvály, Taize",fe9d08f4,1,Rozdiel len v poradi autorov / metadatach
B0369,B-variant-s-priponou-N,skontrolovat,"Laudate omnes gentes (Advent, Chvály, Pomalá, Pôstna, Taize)-2.xml",Laudate omnes gentes,"Advent, Pôstna, Pomalá, Chvály, Taize",d30d4e73,1,Rozdiel len v poradi autorov / metadatach
B0370,B-variant-s-priponou-N,ponechat,"Márnotratný syn (Pomalá, Pôstna).xml",Márnotratný syn,"Pomalá, Pôstna",e94a663f,6,Odlisny text
B0370,B-variant-s-priponou-N,skontrolovat,"Márnotratný syn (Pomalá, Pôstna)-1.xml",Márnotratný syn,"Pomalá, Pôstna",736f4804,11,Odlisny text
B0370,B-variant-s-priponou-N,skontrolovat,"Márnotratný syn (Pomalá, Pôstna)-2.xml",Márnotratný syn,"Pomalá, Pôstna",e94a663f,6,Odlisny text
B0371,B-variant-s-priponou-N,ponechat,"Môj Pán dáva mi lásku (Adorácia, Prosby).xml",Môj Pán dáva mi lásku,"Adorácia, Prosby",782675a4,1,Rozdiel len v poradi autorov / metadatach
B0371,B-variant-s-priponou-N,skontrolovat,"Môj Pán dáva mi lásku (Adorácia, Prosby)-1.xml",Môj Pán dáva mi lásku,"Prosby, Adorácia",0af142bf,1,Rozdiel len v poradi autorov / metadatach
B0371,B-variant-s-priponou-N,skontrolovat,"Môj Pán dáva mi lásku (Adorácia, Prosby)-2.xml",Môj Pán dáva mi lásku,"Prosby, Adorácia",0af142bf,1,Rozdiel len v poradi autorov / metadatach
B0372,B-variant-s-priponou-N,ponechat,Neposkvrnena (detsky zbor).xml,Neposkvrnena,detsky zbor,2c2c78e3,2,Rozdiel len v poradi autorov / metadatach
B0372,B-variant-s-priponou-N,skontrolovat,Neposkvrnena (detsky zbor)-1.xml,Neposkvrnena,detsky zbor,5a151272,2,Rozdiel len v poradi autorov / metadatach
B0373,B-variant-s-priponou-N,ponechat,Viac lásky viac sily (Adorácia).xml,Viac lásky viac sily,Adorácia,829bb21f,1,Rozdiel len v poradi autorov / metadatach
B0373,B-variant-s-priponou-N,skontrolovat,Viac lásky viac sily (Adorácia)-1.xml,Viac lásky viac sily,Adorácia,0e6bd0e0,1,Rozdiel len v poradi autorov / metadatach
B0373,B-variant-s-priponou-N,skontrolovat,Viac lásky viac sily (Adorácia)-2.xml,Viac lásky viac sily,Adorácia,0e6bd0e0,1,Rozdiel len v poradi autorov / metadatach
B0374,B-variant-s-priponou-N,ponechat,Vzneseny (detsky zbor).xml,Vzneseny,detsky zbor,a0eec554,1,"Rovnaky text, ina deliacia slôh (pocet slôh: 1/2)"
B0374,B-variant-s-priponou-N,skontrolovat,Vzneseny (detsky zbor)-1.xml,Vzneseny,detsky zbor,bbfcae5e,2,"Rovnaky text, ina deliacia slôh (pocet slôh: 1/2)"
B0375,B-variant-s-priponou-N,ponechat,Zdvihni hlavu (detsky zbor).xml,Zdvihni hlavu,detsky zbor,e4aad8ff,2,Rozdiel len v poradi autorov / metadatach
B0375,B-variant-s-priponou-N,skontrolovat,Zdvihni hlavu (detsky zbor)-1.xml,Zdvihni hlavu,detsky zbor,17303fd7,2,Rozdiel len v poradi autorov / metadatach
B0376,B-variant-s-priponou-N,ponechat,Ž 118 (JKS).xml,Ž 118,JKS,99920225,5,Odlisny text
B0376,B-variant-s-priponou-N,skontrolovat,Ž 118 (JKS)-1.xml,Ž 118,JKS,f6a6ccd5,1,Odlisny text
B0377,B-variant-s-priponou-N,ponechat,Ž 80 (JKS).xml,Ž 80,JKS,a429cc92,1,Odlisny text
B0377,B-variant-s-priponou-N,skontrolovat,Ž 80 (JKS)-1.xml,Ž 80,JKS,1f174fe1,3,Odlisny text
B0378,B-variant-s-priponou-N,ponechat,Ž 84 (JKS).xml,Ž 84,JKS,10c1146b,1,Odlisny text
B0378,B-variant-s-priponou-N,skontrolovat,Ž 84 (JKS)-1.xml,Ž 84,JKS,fc6df728,4,Odlisny text
C0379,C-rovnaky-text-ine-meno,ponechat,"13,MAJ (Author Unknown).xml","13,MAJ",Author Unknown,a8a49c95,9,Rovnaky text pod inym nazvom/tagmi
C0379,C-rovnaky-text-ine-meno,skontrolovat,"13,MAJ (detsky zbor).xml","13,MAJ",detsky zbor,4b4d0c01,9,Rovnaky text pod inym nazvom/tagmi
C0380,C-rovnaky-text-ine-meno,ponechat,244 jks (Author Unknown).xml,244 jks,Author Unknown,1e6b8904,5,Rovnaky text pod inym nazvom/tagmi
C0380,C-rovnaky-text-ine-meno,skontrolovat,244 jks (detsky zbor).xml,244 jks,detsky zbor,2ea05c13,5,Rovnaky text pod inym nazvom/tagmi
C0381,C-rovnaky-text-ine-meno,ponechat,536 Ctime túto sviatosť slávnu (JKS).xml,536 Ctime túto sviatosť slávnu,JKS,a2c159a2,4,Rovnaky text pod inym nazvom/tagmi (+2 -N kopii v ostatnych)
C0381,C-rovnaky-text-ine-meno,skontrolovat,536. Ctime túto sviatosť slávnu (JKS).xml,536. Ctime túto sviatosť slávnu,JKS,54fd610a,2,Rovnaky text pod inym nazvom/tagmi (+2 -N kopii v ostatnych)
C0382,C-rovnaky-text-ine-meno,ponechat,Ak moje srdce je dom (Author Unknown).xml,Ak moje srdce je dom,Author Unknown,825cde88,3,Rovnaky text pod inym nazvom/tagmi
C0382,C-rovnaky-text-ine-meno,skontrolovat,Ak moje srdce je dom (detsky zbor).xml,Ak moje srdce je dom,detsky zbor,5851df12,3,Rovnaky text pod inym nazvom/tagmi
C0383,C-rovnaky-text-ine-meno,ponechat,Boh nezomrel (Author Unknown).xml,Boh nezomrel,Author Unknown,1cf130f8,1,Rovnaky text pod inym nazvom/tagmi
C0383,C-rovnaky-text-ine-meno,skontrolovat,Boh nezomrel (detsky zbor).xml,Boh nezomrel,detsky zbor,47e2d80c,1,Rovnaky text pod inym nazvom/tagmi
C0384,C-rovnaky-text-ine-meno,ponechat,"Boh ťa miluje, aj ja ťa milujem ... (Author Unknown).xml","Boh ťa miluje, aj ja ťa milujem ...",Author Unknown,20082c5c,4,Rovnaky text pod inym nazvom/tagmi
C0384,C-rovnaky-text-ine-meno,skontrolovat,"Boh ťa miluje, aj ja ťa milujem ... (detsky zbor).xml","Boh ťa miluje, aj ja ťa milujem ...",detsky zbor,d3ace470,4,Rovnaky text pod inym nazvom/tagmi
C0385,C-rovnaky-text-ine-meno,ponechat,Buvaj dieta krasne A-dur jednoduchy (Author Unknown).xml,Buvaj dieta krasne A-dur jednoduchy,Author Unknown,2e2369cd,3,Rovnaky text pod inym nazvom/tagmi
C0385,C-rovnaky-text-ine-meno,skontrolovat,Buvaj dieta krasne A-dur jednoduchy (detsky zbor).xml,Buvaj dieta krasne A-dur jednoduchy,detsky zbor,43a4c3b2,3,Rovnaky text pod inym nazvom/tagmi
C0386,C-rovnaky-text-ine-meno,ponechat,Chcem Oslavovat svojho Pana (Author Unknown).xml,Chcem Oslavovat svojho Pana,Author Unknown,e5befd85,1,Rovnaky text pod inym nazvom/tagmi
C0386,C-rovnaky-text-ine-meno,skontrolovat,Chcem Oslavovat svojho Pana (detsky zbor).xml,Chcem Oslavovat svojho Pana,detsky zbor,8b1049b3,1,Rovnaky text pod inym nazvom/tagmi
C0387,C-rovnaky-text-ine-meno,ponechat,Chvalim Ta Jezis (Author Unknown).xml,Chvalim Ta Jezis,Author Unknown,b8c4ee8a,2,Rovnaky text pod inym nazvom/tagmi
C0387,C-rovnaky-text-ine-meno,skontrolovat,Chvalim Ta Jezis (detsky zbor).xml,Chvalim Ta Jezis,detsky zbor,22819f40,2,Rovnaky text pod inym nazvom/tagmi
C0388,C-rovnaky-text-ine-meno,ponechat,Chvalou naplnme chram (Author Unknown).xml,Chvalou naplnme chram,Author Unknown,351cf5e1,4,Rovnaky text pod inym nazvom/tagmi
C0388,C-rovnaky-text-ine-meno,skontrolovat,Chvalou naplnme chram (detsky zbor).xml,Chvalou naplnme chram,detsky zbor,17129752,4,Rovnaky text pod inym nazvom/tagmi
C0389,C-rovnaky-text-ine-meno,ponechat,Daj boh stastia (Author Unknown).xml,Daj boh stastia,Author Unknown,71fd3fe7,3,Rovnaky text pod inym nazvom/tagmi
C0389,C-rovnaky-text-ine-meno,skontrolovat,Daj boh stastia (detsky zbor).xml,Daj boh stastia,detsky zbor,661b0599,3,Rovnaky text pod inym nazvom/tagmi
C0390,C-rovnaky-text-ine-meno,ponechat,Davaj pozor (Author Unknown).xml,Davaj pozor,Author Unknown,442fc6e2,5,Rovnaky text pod inym nazvom/tagmi
C0390,C-rovnaky-text-ine-meno,skontrolovat,Davaj pozor (detsky zbor).xml,Davaj pozor,detsky zbor,49608ca7,5,Rovnaky text pod inym nazvom/tagmi
C0391,C-rovnaky-text-ine-meno,ponechat,Dnes su vianoce (Author Unknown).xml,Dnes su vianoce,Author Unknown,c29a5791,2,Rovnaky text pod inym nazvom/tagmi
C0391,C-rovnaky-text-ine-meno,skontrolovat,Dnes su vianoce (detsky zbor).xml,Dnes su vianoce,detsky zbor,fda4b56e,2,Rovnaky text pod inym nazvom/tagmi
C0392,C-rovnaky-text-ine-meno,ponechat,Do hory do lesa (Author Unknown).xml,Do hory do lesa,Author Unknown,767a5c92,4,Rovnaky text pod inym nazvom/tagmi
C0392,C-rovnaky-text-ine-meno,skontrolovat,Do hory do lesa (detsky zbor).xml,Do hory do lesa,detsky zbor,cdefd12d,4,Rovnaky text pod inym nazvom/tagmi
C0393,C-rovnaky-text-ine-meno,ponechat,Dobrorecime Ti (Author Unknown).xml,Dobrorecime Ti,Author Unknown,4343b9d0,3,Rovnaky text pod inym nazvom/tagmi
C0393,C-rovnaky-text-ine-meno,skontrolovat,Dobrorecime Ti (detsky zbor).xml,Dobrorecime Ti,detsky zbor,5a6ee649,3,Rovnaky text pod inym nazvom/tagmi
C0394,C-rovnaky-text-ine-meno,ponechat,Duchu Svaty prid z neba (Author Unknown).xml,Duchu Svaty prid z neba,Author Unknown,e948feae,11,Rovnaky text pod inym nazvom/tagmi
C0394,C-rovnaky-text-ine-meno,skontrolovat,Duchu Svaty prid z neba (detsky zbor).xml,Duchu Svaty prid z neba,detsky zbor,9a2dd562,11,Rovnaky text pod inym nazvom/tagmi
C0395,C-rovnaky-text-ine-meno,ponechat,"Duchu Svätý, príď z neba (Author Unknown).xml","Duchu Svätý, príď z neba",Author Unknown,bd49230d,15,Rovnaky text pod inym nazvom/tagmi
C0395,C-rovnaky-text-ine-meno,skontrolovat,"Duchu Svätý, príď z neba (detsky zbor).xml","Duchu Svätý, príď z neba",detsky zbor,bc161393,15,Rovnaky text pod inym nazvom/tagmi
C0396,C-rovnaky-text-ine-meno,ponechat,Dusa kristova (Author Unknown).xml,Dusa kristova,Author Unknown,84356b22,3,Rovnaky text pod inym nazvom/tagmi
C0396,C-rovnaky-text-ine-meno,skontrolovat,Dusa kristova (detsky zbor).xml,Dusa kristova,detsky zbor,a1356aa0,3,Rovnaky text pod inym nazvom/tagmi
C0397,C-rovnaky-text-ine-meno,ponechat,Gloria_Vinbarg (Author Unknown).xml,Gloria_Vinbarg,Author Unknown,6adff9d9,4,Rovnaky text pod inym nazvom/tagmi
C0397,C-rovnaky-text-ine-meno,skontrolovat,Gloria_Vinbarg (detsky zbor).xml,Gloria_Vinbarg,detsky zbor,5cb6b627,4,Rovnaky text pod inym nazvom/tagmi
C0398,C-rovnaky-text-ine-meno,ponechat,"Hosana, hosana, hosana na výsostiach (Author Unknown).xml","Hosana, hosana, hosana na výsostiach",Author Unknown,8b6331a5,2,Rovnaky text pod inym nazvom/tagmi
C0398,C-rovnaky-text-ine-meno,skontrolovat,"Hosana, hosana, hosana na výsostiach (detsky zbor).xml","Hosana, hosana, hosana na výsostiach",detsky zbor,76d85443,2,Rovnaky text pod inym nazvom/tagmi
C0399,C-rovnaky-text-ine-meno,ponechat,Hymna PMD (Author Unknown).xml,Hymna PMD,Author Unknown,a1233645,5,Rovnaky text pod inym nazvom/tagmi
C0399,C-rovnaky-text-ine-meno,skontrolovat,Hymna PMD (detsky zbor).xml,Hymna PMD,detsky zbor,c820c8f3,5,Rovnaky text pod inym nazvom/tagmi
C0400,C-rovnaky-text-ine-meno,ponechat,JKS Vitaj milý Jezu (Author Unknown).xml,JKS Vitaj milý Jezu,Author Unknown,43dccd20,5,Rovnaky text pod inym nazvom/tagmi
C0400,C-rovnaky-text-ine-meno,skontrolovat,JKS Vitaj milý Jezu (detsky zbor).xml,JKS Vitaj milý Jezu,detsky zbor,c1024f98,5,Rovnaky text pod inym nazvom/tagmi
C0401,C-rovnaky-text-ine-meno,ponechat,Je Niekto kto Počuje tvoju prosbu (Author Unknown).xml,Je Niekto kto Počuje tvoju prosbu,Author Unknown,0d653547,3,Rovnaky text pod inym nazvom/tagmi
C0401,C-rovnaky-text-ine-meno,skontrolovat,Je Niekto kto Počuje tvoju prosbu (detsky zbor).xml,Je Niekto kto Počuje tvoju prosbu,detsky zbor,758d592e,3,Rovnaky text pod inym nazvom/tagmi
C0402,C-rovnaky-text-ine-meno,ponechat,Je stale pritomna (Author Unknown).xml,Je stale pritomna,Author Unknown,c52382f7,1,Rovnaky text pod inym nazvom/tagmi
C0402,C-rovnaky-text-ine-meno,skontrolovat,Je stale pritomna (detsky zbor).xml,Je stale pritomna,detsky zbor,143e1a71,1,Rovnaky text pod inym nazvom/tagmi
C0403,C-rovnaky-text-ine-meno,ponechat,"Jezis moj, pred tvojou stojim obetou (Author Unknown).xml","Jezis moj, pred tvojou stojim obetou",Author Unknown,49b12b75,4,Rovnaky text pod inym nazvom/tagmi
C0403,C-rovnaky-text-ine-meno,skontrolovat,"Jezis moj, pred tvojou stojim obetou (detsky zbor).xml","Jezis moj, pred tvojou stojim obetou",detsky zbor,d74403fa,4,Rovnaky text pod inym nazvom/tagmi
C0404,C-rovnaky-text-ine-meno,ponechat,Jezis ty maš meno najkrajšie (Author Unknown).xml,Jezis ty maš meno najkrajšie,Author Unknown,8bad2813,3,Rovnaky text pod inym nazvom/tagmi
C0404,C-rovnaky-text-ine-meno,skontrolovat,Jezis ty maš meno najkrajšie (detsky zbor).xml,Jezis ty maš meno najkrajšie,detsky zbor,5c9cfb24,3,Rovnaky text pod inym nazvom/tagmi
C0405,C-rovnaky-text-ine-meno,ponechat,Jezisko co ti dam (Author Unknown).xml,Jezisko co ti dam,Author Unknown,8016c3f6,3,Rovnaky text pod inym nazvom/tagmi
C0405,C-rovnaky-text-ine-meno,skontrolovat,Jezisko co ti dam (detsky zbor).xml,Jezisko co ti dam,detsky zbor,21838106,3,Rovnaky text pod inym nazvom/tagmi
C0406,C-rovnaky-text-ine-meno,ponechat,Každy den j velky dar (Author Unknown).xml,Každy den j velky dar,Author Unknown,052b509f,3,Rovnaky text pod inym nazvom/tagmi
C0406,C-rovnaky-text-ine-meno,skontrolovat,Každy den j velky dar (detsky zbor).xml,Každy den j velky dar,detsky zbor,87dd3efe,3,Rovnaky text pod inym nazvom/tagmi
C0407,C-rovnaky-text-ine-meno,ponechat,Keď sa ráno prebúdam (Author Unknown).xml,Keď sa ráno prebúdam,Author Unknown,d27bd87f,3,Rovnaky text pod inym nazvom/tagmi
C0407,C-rovnaky-text-ine-meno,skontrolovat,Keď sa ráno prebúdam (detsky zbor).xml,Keď sa ráno prebúdam,detsky zbor,2a339b0f,3,Rovnaky text pod inym nazvom/tagmi
C0408,C-rovnaky-text-ine-meno,ponechat,Klop Klop (Author Unknown).xml,Klop Klop,Author Unknown,69c6ff42,3,Rovnaky text pod inym nazvom/tagmi
C0408,C-rovnaky-text-ine-meno,skontrolovat,Klop Klop (detsky zbor).xml,Klop Klop,detsky zbor,3f760042,3,Rovnaky text pod inym nazvom/tagmi
C0409,C-rovnaky-text-ine-meno,ponechat,Kristus je viťaz (Author Unknown).xml,Kristus je viťaz,Author Unknown,27e87fe0,3,Rovnaky text pod inym nazvom/tagmi
C0409,C-rovnaky-text-ine-meno,skontrolovat,Kristus je viťaz (detsky zbor).xml,Kristus je viťaz,detsky zbor,5a3dd43d,3,Rovnaky text pod inym nazvom/tagmi
C0410,C-rovnaky-text-ine-meno,ponechat,Kriz je znakom spasy (Author Unknown).xml,Kriz je znakom spasy,Author Unknown,112b6883,4,Rovnaky text pod inym nazvom/tagmi
C0410,C-rovnaky-text-ine-meno,skontrolovat,Kriz je znakom spasy (detsky zbor).xml,Kriz je znakom spasy,detsky zbor,e7be5532,4,Rovnaky text pod inym nazvom/tagmi
C0411,C-rovnaky-text-ine-meno,ponechat,Krok sem krok tam (Author Unknown).xml,Krok sem krok tam,Author Unknown,edaa996d,1,Rovnaky text pod inym nazvom/tagmi
C0411,C-rovnaky-text-ine-meno,skontrolovat,Krok sem krok tam (detsky zbor).xml,Krok sem krok tam,detsky zbor,0818c37c,1,Rovnaky text pod inym nazvom/tagmi
C0412,C-rovnaky-text-ine-meno,ponechat,Maria Matka bolestna (Author Unknown).xml,Maria Matka bolestna,Author Unknown,1e440235,4,Rovnaky text pod inym nazvom/tagmi
C0412,C-rovnaky-text-ine-meno,skontrolovat,Maria Matka bolestna (detsky zbor).xml,Maria Matka bolestna,detsky zbor,8cfeb840,4,Rovnaky text pod inym nazvom/tagmi
C0413,C-rovnaky-text-ine-meno,ponechat,Mikulaš (Author Unknown).xml,Mikulaš,Author Unknown,6553d849,3,Rovnaky text pod inym nazvom/tagmi
C0413,C-rovnaky-text-ine-meno,skontrolovat,Mikulaš (detsky zbor).xml,Mikulaš,detsky zbor,e9f905a1,3,Rovnaky text pod inym nazvom/tagmi
C0414,C-rovnaky-text-ine-meno,ponechat,Milosrdný (Author Unknown).xml,Milosrdný,Author Unknown,495917a8,4,Rovnaky text pod inym nazvom/tagmi
C0414,C-rovnaky-text-ine-meno,skontrolovat,Milosrdný (detsky zbor).xml,Milosrdný,detsky zbor,af3502c3,4,Rovnaky text pod inym nazvom/tagmi
C0415,C-rovnaky-text-ine-meno,ponechat,"Milostivý, LCH (Author Unknown).xml","Milostivý, LCH",Author Unknown,dc43288e,3,Rovnaky text pod inym nazvom/tagmi
C0415,C-rovnaky-text-ine-meno,skontrolovat,"Milostivý, LCH (detsky zbor).xml","Milostivý, LCH",detsky zbor,b7893a92,3,Rovnaky text pod inym nazvom/tagmi
C0416,C-rovnaky-text-ine-meno,ponechat,Milujem Mariu (Author Unknown).xml,Milujem Mariu,Author Unknown,a796d930,3,Rovnaky text pod inym nazvom/tagmi
C0416,C-rovnaky-text-ine-meno,skontrolovat,Milujem Mariu (detsky zbor).xml,Milujem Mariu,detsky zbor,ad6bffab,3,Rovnaky text pod inym nazvom/tagmi
C0417,C-rovnaky-text-ine-meno,ponechat,Modlitba zasvetenia. (detsky zbor).xml,Modlitba zasvetenia.,detsky zbor,19c3fdde,1,Rovnaky text pod inym nazvom/tagmi
C0417,C-rovnaky-text-ine-meno,skontrolovat,Príď Duchu Svätý (Veceradlo).xml,Príď Duchu Svätý,Veceradlo,3c3d515b,1,Rovnaky text pod inym nazvom/tagmi
C0418,C-rovnaky-text-ine-meno,ponechat,My kracame s radostov (Author Unknown).xml,My kracame s radostov,Author Unknown,6fa44c2a,5,Rovnaky text pod inym nazvom/tagmi
C0418,C-rovnaky-text-ine-meno,skontrolovat,My kracame s radostov (detsky zbor).xml,My kracame s radostov,detsky zbor,31535250,5,Rovnaky text pod inym nazvom/tagmi
C0419,C-rovnaky-text-ine-meno,ponechat,Narodil sa Jezisko (Author Unknown).xml,Narodil sa Jezisko,Author Unknown,27abf820,1,Rovnaky text pod inym nazvom/tagmi
C0419,C-rovnaky-text-ine-meno,skontrolovat,Narodil sa Jezisko (detsky zbor).xml,Narodil sa Jezisko,detsky zbor,03c741b9,1,Rovnaky text pod inym nazvom/tagmi
C0420,C-rovnaky-text-ine-meno,ponechat,Nas Pan_On je kralov Kral (Rich Mullins).xml,Nas Pan_On je kralov Kral,Rich Mullins,d45e91b4,1,Rovnaky text pod inym nazvom/tagmi
C0420,C-rovnaky-text-ine-meno,skontrolovat,Nas Pan_On je kralov Kral (detsky zbor).xml,Nas Pan_On je kralov Kral,detsky zbor,fdba71ac,1,Rovnaky text pod inym nazvom/tagmi
C0421,C-rovnaky-text-ine-meno,ponechat,Nech ten plameň žiari (Začiatok).xml,Nech ten plameň žiari,Začiatok,cde5e4df,4,Rovnaky text pod inym nazvom/tagmi (+4 -N kopii v ostatnych)
C0421,C-rovnaky-text-ine-meno,skontrolovat,Zapálení (Začiatok).xml,Zapálení,Začiatok,36b247e0,4,Rovnaky text pod inym nazvom/tagmi (+4 -N kopii v ostatnych)
C0422,C-rovnaky-text-ine-meno,ponechat,Náš Pán on je kráľov Kráľ (Anonymous).xml,Náš Pán on je kráľov Kráľ,Anonymous,077284d1,1,Rovnaky text pod inym nazvom/tagmi (+2 -N kopii v ostatnych)
C0422,C-rovnaky-text-ine-meno,skontrolovat,"Náš Pán, On je Kráľov Kráľ (Veľkonočná).xml","Náš Pán, On je Kráľov Kráľ",Veľkonočná,3b7faca8,1,Rovnaky text pod inym nazvom/tagmi (+2 -N kopii v ostatnych)
C0423,C-rovnaky-text-ine-meno,ponechat,O chyr Preblahy (Author Unknown).xml,O chyr Preblahy,Author Unknown,e14eb2b4,4,Rovnaky text pod inym nazvom/tagmi
C0423,C-rovnaky-text-ine-meno,skontrolovat,O chyr Preblahy (detsky zbor).xml,O chyr Preblahy,detsky zbor,a9887c33,4,Rovnaky text pod inym nazvom/tagmi
C0424,C-rovnaky-text-ine-meno,ponechat,On vstal zmrtvych (Author Unknown).xml,On vstal zmrtvych,Author Unknown,7b5ed80e,4,Rovnaky text pod inym nazvom/tagmi
C0424,C-rovnaky-text-ine-meno,skontrolovat,On vstal zmrtvych (detsky zbor).xml,On vstal zmrtvych,detsky zbor,1ffffd1d,4,Rovnaky text pod inym nazvom/tagmi
C0425,C-rovnaky-text-ine-meno,ponechat,Pan Vyvyšeny (Author Unknown).xml,Pan Vyvyšeny,Author Unknown,8594d9a1,2,Rovnaky text pod inym nazvom/tagmi
C0425,C-rovnaky-text-ine-meno,skontrolovat,Pan Vyvyšeny (detsky zbor).xml,Pan Vyvyšeny,detsky zbor,463cd9fb,2,Rovnaky text pod inym nazvom/tagmi
C0426,C-rovnaky-text-ine-meno,ponechat,Pan boh ma vrukach cely svet (Author Unknown).xml,Pan boh ma vrukach cely svet,Author Unknown,0fc74458,6,Rovnaky text pod inym nazvom/tagmi
C0426,C-rovnaky-text-ine-meno,skontrolovat,Pan boh ma vrukach cely svet (detsky zbor).xml,Pan boh ma vrukach cely svet,detsky zbor,0b158ad6,6,Rovnaky text pod inym nazvom/tagmi
C0427,C-rovnaky-text-ine-meno,ponechat,Pan je moj Pastier_dlhsia verzia (Author Unknown).xml,Pan je moj Pastier_dlhsia verzia,Author Unknown,2fb2da11,4,Rovnaky text pod inym nazvom/tagmi
C0427,C-rovnaky-text-ine-meno,skontrolovat,Pan je moj Pastier_dlhsia verzia (detsky zbor).xml,Pan je moj Pastier_dlhsia verzia,detsky zbor,baaf41b5,4,Rovnaky text pod inym nazvom/tagmi
C0428,C-rovnaky-text-ine-meno,ponechat,Pan ma lubi (Author Unknown).xml,Pan ma lubi,Author Unknown,28a3e4d1,1,Rovnaky text pod inym nazvom/tagmi
C0428,C-rovnaky-text-ine-meno,skontrolovat,Pan ma lubi (detsky zbor).xml,Pan ma lubi,detsky zbor,00086c08,1,Rovnaky text pod inym nazvom/tagmi
C0429,C-rovnaky-text-ine-meno,ponechat,Pan zastavil sa na brehu (Author Unknown).xml,Pan zastavil sa na brehu,Author Unknown,7750d569,5,Rovnaky text pod inym nazvom/tagmi
C0429,C-rovnaky-text-ine-meno,skontrolovat,Pan zastavil sa na brehu (detsky zbor).xml,Pan zastavil sa na brehu,detsky zbor,56837a8c,5,Rovnaky text pod inym nazvom/tagmi
C0430,C-rovnaky-text-ine-meno,ponechat,Po Tebe tuzim viac (Timothy).xml,Po Tebe tuzim viac,Timothy,74b51334,4,Rovnaky text pod inym nazvom/tagmi
C0430,C-rovnaky-text-ine-meno,skontrolovat,Po Tebe tuzim viac (detsky zbor).xml,Po Tebe tuzim viac,detsky zbor,15482a10,4,Rovnaky text pod inym nazvom/tagmi
C0431,C-rovnaky-text-ine-meno,ponechat,"Pod, teraz je cas vzdat chvalu (Author Unknown).xml","Pod, teraz je cas vzdat chvalu",Author Unknown,41fd9ec4,3,Rovnaky text pod inym nazvom/tagmi
C0431,C-rovnaky-text-ine-meno,skontrolovat,"Pod, teraz je cas vzdat chvalu (detsky zbor).xml","Pod, teraz je cas vzdat chvalu",detsky zbor,f03da308,3,Rovnaky text pod inym nazvom/tagmi
C0432,C-rovnaky-text-ine-meno,ponechat,Ponuka (Cyril Jančišin).xml,Ponuka | Vezmi si vezmi,Cyril Jančišin,ce3d5bec,7,Rovnaky text pod inym nazvom/tagmi
C0432,C-rovnaky-text-ine-meno,skontrolovat,Ponuka - Vezmi si vezmi (Anonymous).xml,Ponuka - Vezmi si vezmi,Anonymous,04d35f8c,7,Rovnaky text pod inym nazvom/tagmi
C0433,C-rovnaky-text-ine-meno,ponechat,Pozri ako meni ma ježiš (Author Unknown).xml,Pozri ako meni ma ježiš,Author Unknown,7d509c35,2,Rovnaky text pod inym nazvom/tagmi
C0433,C-rovnaky-text-ine-meno,skontrolovat,Pozri ako meni ma ježiš (detsky zbor).xml,Pozri ako meni ma ježiš,detsky zbor,fc95d3ad,2,Rovnaky text pod inym nazvom/tagmi
C0434,C-rovnaky-text-ine-meno,ponechat,Poďme spolu za hviezdov (Author Unknown).xml,Poďme spolu za hviezdov,Author Unknown,2accee55,4,Rovnaky text pod inym nazvom/tagmi
C0434,C-rovnaky-text-ine-meno,skontrolovat,Poďme spolu za hviezdov (detsky zbor).xml,Poďme spolu za hviezdov,detsky zbor,2bae01ea,4,Rovnaky text pod inym nazvom/tagmi
C0435,C-rovnaky-text-ine-meno,ponechat,Pripravme cestu panovi (Author Unknown).xml,Pripravme cestu panovi,Author Unknown,4072cc0f,2,Rovnaky text pod inym nazvom/tagmi
C0435,C-rovnaky-text-ine-meno,skontrolovat,Pripravme cestu panovi (detsky zbor).xml,Pripravme cestu panovi,detsky zbor,002e862b,2,Rovnaky text pod inym nazvom/tagmi
C0436,C-rovnaky-text-ine-meno,ponechat,Príď prosim Pane príď (Author Unknown).xml,Príď prosim Pane príď,Author Unknown,52fa1553,5,Rovnaky text pod inym nazvom/tagmi
C0436,C-rovnaky-text-ine-meno,skontrolovat,Príď prosim Pane príď (detsky zbor).xml,Príď prosim Pane príď,detsky zbor,66d8baad,5,Rovnaky text pod inym nazvom/tagmi
C0437,C-rovnaky-text-ine-meno,ponechat,Radujme sa valasi (Author Unknown).xml,Radujme sa valasi,Author Unknown,fc6d53d3,4,Rovnaky text pod inym nazvom/tagmi
C0437,C-rovnaky-text-ine-meno,skontrolovat,Radujme sa valasi (detsky zbor).xml,Radujme sa valasi,detsky zbor,177fa505,4,Rovnaky text pod inym nazvom/tagmi
C0438,C-rovnaky-text-ine-meno,ponechat,S tebov pane (Author Unknown).xml,S tebov pane,Author Unknown,f15bfea1,4,Rovnaky text pod inym nazvom/tagmi
C0438,C-rovnaky-text-ine-meno,skontrolovat,S tebov pane (detsky zbor).xml,S tebov pane,detsky zbor,c260206a,4,Rovnaky text pod inym nazvom/tagmi
C0439,C-rovnaky-text-ine-meno,ponechat,Spievajte si snami (Author Unknown).xml,Spievajte si snami,Author Unknown,9a97a773,4,Rovnaky text pod inym nazvom/tagmi
C0439,C-rovnaky-text-ine-meno,skontrolovat,Spievajte si snami (detsky zbor).xml,Spievajte si snami,detsky zbor,252d4ad7,4,Rovnaky text pod inym nazvom/tagmi
C0440,C-rovnaky-text-ine-meno,ponechat,Spievam Tebe Pane Boze moju modlitbu (Author Unknown).xml,Spievam Tebe Pane Boze moju modlitbu,Author Unknown,6e62260f,6,Rovnaky text pod inym nazvom/tagmi
C0440,C-rovnaky-text-ine-meno,skontrolovat,Spievam Tebe Pane Boze moju modlitbu (detsky zbor).xml,Spievam Tebe Pane Boze moju modlitbu,detsky zbor,d2e591c3,6,Rovnaky text pod inym nazvom/tagmi
C0441,C-rovnaky-text-ine-meno,ponechat,Srdce moje laskov žiari (Author Unknown).xml,Srdce moje laskov žiari,Author Unknown,aa67749f,4,Rovnaky text pod inym nazvom/tagmi
C0441,C-rovnaky-text-ine-meno,skontrolovat,Srdce moje laskov žiari (detsky zbor).xml,Srdce moje laskov žiari,detsky zbor,10f78740,4,Rovnaky text pod inym nazvom/tagmi
C0442,C-rovnaky-text-ine-meno,ponechat,Stretol ma dnes pan (Author Unknown).xml,Stretol ma dnes pan,Author Unknown,3dc92823,1,Rovnaky text pod inym nazvom/tagmi
C0442,C-rovnaky-text-ine-meno,skontrolovat,Stretol ma dnes pan (detsky zbor).xml,Stretol ma dnes pan,detsky zbor,0c61d2b2,1,Rovnaky text pod inym nazvom/tagmi
C0443,C-rovnaky-text-ine-meno,ponechat,Toto je telo (Author Unknown).xml,Toto je telo,Author Unknown,b9e8b79a,5,Rovnaky text pod inym nazvom/tagmi
C0443,C-rovnaky-text-ine-meno,skontrolovat,Toto je telo (detsky zbor).xml,Toto je telo,detsky zbor,b2e35db1,5,Rovnaky text pod inym nazvom/tagmi
C0444,C-rovnaky-text-ine-meno,ponechat,Traja slávni králi od Východu (Author Unknown).xml,Traja slávni králi od Východu,Author Unknown,5a298b1c,2,Rovnaky text pod inym nazvom/tagmi
C0444,C-rovnaky-text-ine-meno,skontrolovat,Traja slávni králi od Východu (detsky zbor).xml,Traja slávni králi od Východu,detsky zbor,1ca4b1ad,2,Rovnaky text pod inym nazvom/tagmi
C0445,C-rovnaky-text-ine-meno,ponechat,Tvar potom a krvou (Author Unknown).xml,Tvar potom a krvou,Author Unknown,5d33b17e,3,Rovnaky text pod inym nazvom/tagmi
C0445,C-rovnaky-text-ine-meno,skontrolovat,Tvar potom a krvou (detsky zbor).xml,Tvar potom a krvou,detsky zbor,0bf67f94,3,Rovnaky text pod inym nazvom/tagmi
C0446,C-rovnaky-text-ine-meno,ponechat,Ty Pane si živý chlieb (Author Unknown).xml,Ty Pane si živý chlieb,Author Unknown,82f7680b,3,Rovnaky text pod inym nazvom/tagmi
C0446,C-rovnaky-text-ine-meno,skontrolovat,Ty Pane si živý chlieb (detsky zbor).xml,Ty Pane si živý chlieb,detsky zbor,afbbabcd,3,Rovnaky text pod inym nazvom/tagmi
C0447,C-rovnaky-text-ine-meno,ponechat,Ty si Pane stale pri mne (Author Unknown).xml,Ty si Pane stale pri mne,Author Unknown,a44f0200,2,Rovnaky text pod inym nazvom/tagmi
C0447,C-rovnaky-text-ine-meno,skontrolovat,Ty si Pane stale pri mne (detsky zbor).xml,Ty si Pane stale pri mne,detsky zbor,6770dea6,2,Rovnaky text pod inym nazvom/tagmi
C0448,C-rovnaky-text-ine-meno,ponechat,"Ty si panom, ty si kralom (Author Unknown).xml","Ty si panom, ty si kralom",Author Unknown,4e910918,1,Rovnaky text pod inym nazvom/tagmi
C0448,C-rovnaky-text-ine-meno,skontrolovat,"Ty si panom, ty si kralom (detsky zbor).xml","Ty si panom, ty si kralom",detsky zbor,2537eb1a,1,Rovnaky text pod inym nazvom/tagmi
C0449,C-rovnaky-text-ine-meno,ponechat,Ty vieš (Author Unknown).xml,Ty vieš,Author Unknown,23661ab3,3,Rovnaky text pod inym nazvom/tagmi
C0449,C-rovnaky-text-ine-meno,skontrolovat,Ty vieš (detsky zbor).xml,Ty vieš,detsky zbor,0587e60c,3,Rovnaky text pod inym nazvom/tagmi
C0450,C-rovnaky-text-ine-meno,ponechat,Verím v Boha (Author Unknown).xml,Verím v Boha,Author Unknown,6bdb5fab,1,Rovnaky text pod inym nazvom/tagmi
C0450,C-rovnaky-text-ine-meno,skontrolovat,Verím v Boha (detsky zbor).xml,Verím v Boha,detsky zbor,63358702,1,Rovnaky text pod inym nazvom/tagmi
C0451,C-rovnaky-text-ine-meno,ponechat,Vystúp zo skrýše (...).xml,Vystúp zo skrýše,...,65fba1a4,5,Rovnaky text pod inym nazvom/tagmi
C0451,C-rovnaky-text-ine-meno,skontrolovat,Vystúp zo skrýše (aaa).xml,Vystúp zo skrýše,aaa,8971dec5,5,Rovnaky text pod inym nazvom/tagmi
C0452,C-rovnaky-text-ine-meno,ponechat,co sa to robi co sa to deje (Author Unknown).xml,co sa to robi co sa to deje,Author Unknown,ded5e5d4,4,Rovnaky text pod inym nazvom/tagmi
C0452,C-rovnaky-text-ine-meno,skontrolovat,co sa to robi co sa to deje (detsky zbor).xml,co sa to robi co sa to deje,detsky zbor,b9ae91bb,4,Rovnaky text pod inym nazvom/tagmi
C0453,C-rovnaky-text-ine-meno,ponechat,nech vas pozehnava pan (Author Unknown).xml,nech vas pozehnava pan,Author Unknown,c9c0400c,1,Rovnaky text pod inym nazvom/tagmi
C0453,C-rovnaky-text-ine-meno,skontrolovat,nech vas pozehnava pan (detsky zbor).xml,nech vas pozehnava pan,detsky zbor,fb5aaab3,1,Rovnaky text pod inym nazvom/tagmi
C0454,C-rovnaky-text-ine-meno,ponechat,ovečka stovečka (Author Unknown).xml,ovečka stovečka,Author Unknown,fff23200,3,Rovnaky text pod inym nazvom/tagmi
C0454,C-rovnaky-text-ine-meno,skontrolovat,ovečka stovečka (detsky zbor).xml,ovečka stovečka,detsky zbor,f496ac44,3,Rovnaky text pod inym nazvom/tagmi
C0455,C-rovnaky-text-ine-meno,ponechat,rozsievač (Author Unknown).xml,rozsievač,Author Unknown,26e732ae,4,Rovnaky text pod inym nazvom/tagmi
C0455,C-rovnaky-text-ine-meno,skontrolovat,rozsievač (detsky zbor).xml,rozsievač,detsky zbor,8bf852fa,4,Rovnaky text pod inym nazvom/tagmi
C0456,C-rovnaky-text-ine-meno,ponechat,sekvencia 30-5 (Author Unknown).xml,sekvencia 30-5,Author Unknown,e21c2fee,4,Rovnaky text pod inym nazvom/tagmi
C0456,C-rovnaky-text-ine-meno,skontrolovat,sekvencia 30-5 (detsky zbor).xml,sekvencia 30-5,detsky zbor,5b850521,4,Rovnaky text pod inym nazvom/tagmi
C0457,C-rovnaky-text-ine-meno,ponechat,stastie zdravie (Author Unknown).xml,stastie zdravie,Author Unknown,8eb35d64,2,Rovnaky text pod inym nazvom/tagmi
C0457,C-rovnaky-text-ine-meno,skontrolovat,stastie zdravie (detsky zbor).xml,stastie zdravie,detsky zbor,9b6d2109,2,Rovnaky text pod inym nazvom/tagmi
C0458,C-rovnaky-text-ine-meno,ponechat,vesel vianocne doby (Author Unknown).xml,vesel vianocne doby,Author Unknown,8daf981a,3,Rovnaky text pod inym nazvom/tagmi
C0458,C-rovnaky-text-ine-meno,skontrolovat,vesel vianocne doby (detsky zbor).xml,vesel vianocne doby,detsky zbor,52cb3b11,3,Rovnaky text pod inym nazvom/tagmi
C0459,C-rovnaky-text-ine-meno,ponechat,Ó Božské Srdce (Author Unknown).xml,Ó Božské Srdce,Author Unknown,c3ebaa19,3,Rovnaky text pod inym nazvom/tagmi
C0459,C-rovnaky-text-ine-meno,skontrolovat,Ó Božské Srdce (detsky zbor).xml,Ó Božské Srdce,detsky zbor,1f9536aa,3,Rovnaky text pod inym nazvom/tagmi
D0460,D-rovnaky-nazov-iny-text,ponechat,"040. Čas radosti, veselosti (JKS).xml","040. Čas radosti, veselosti",JKS,43021492,6,"Rovnaky titul, odlisny text"
D0460,D-rovnaky-nazov-iny-text,skontrolovat,"040. Čas radosti, veselosti (JKS, Vianočná).xml","040. Čas radosti, veselosti","Vianočná, JKS",d2e88dfb,4,"Rovnaky titul, odlisny text"
D0461,D-rovnaky-nazov-iny-text,ponechat,166. Presväté znamenie (JKS)-1.xml,166. Presväté znamenie,JKS,7d55bc9c,3,"Rovnaky titul, odlisny text"
D0461,D-rovnaky-nazov-iny-text,skontrolovat,166. Presväté znamenie (JKS).xml,166. Presväté znamenie,JKS,c39f3179,3,"Rovnaky titul, odlisny text"
D0462,D-rovnaky-nazov-iny-text,ponechat,"236. Omša sa už začína (JKS, Začiatok)-1.xml",236. Omša sa už začína,"JKS, Začiatok",c19970ee,10,"Rovnaky titul, odlisny text"
D0462,D-rovnaky-nazov-iny-text,skontrolovat,"236. Omša sa už začína (JKS, Začiatok).xml",236. Omša sa už začína,"JKS, Začiatok",8d24ff78,10,"Rovnaky titul, odlisny text"
D0463,D-rovnaky-nazov-iny-text,ponechat,"245. My klaniame sa tebe (JKS, Začiatok)-1.xml",245. My klaniame sa tebe,"JKS, Začiatok",8d5285ea,6,"Rovnaky titul, odlisny text"
D0463,D-rovnaky-nazov-iny-text,skontrolovat,"245. My klaniame sa tebe (JKS, Začiatok).xml",245. My klaniame sa tebe,"JKS, Začiatok",74023943,6,"Rovnaky titul, odlisny text"
D0464,D-rovnaky-nazov-iny-text,ponechat,"257. Ty si, Pane v každom chráme (JKS, Začiatok)-1.xml","257. Ty si, Pane v každom chráme","JKS, Začiatok",679b1015,6,"Rovnaky titul, odlisny text"
D0464,D-rovnaky-nazov-iny-text,skontrolovat,"257. Ty si, Pane v každom chráme (JKS, Začiatok).xml","257. Ty si, Pane v každom chráme","JKS, Začiatok",6d8c7c01,2,"Rovnaky titul, odlisny text"
D0465,D-rovnaky-nazov-iny-text,ponechat,446. Večnou slávou venčený (JKS)-1.xml,446. Večnou slávou venčený,JKS,1ac1d242,16,"Rovnaky titul, odlisny text"
D0465,D-rovnaky-nazov-iny-text,skontrolovat,446. Večnou slávou venčený (JKS).xml,446. Večnou slávou venčený,JKS,acf4808b,5,"Rovnaky titul, odlisny text"
D0466,D-rovnaky-nazov-iny-text,ponechat,Baranok Bozi-klasika (Author Unknown).xml,Baranok Bozi-klasika,Author Unknown,d3305115,1,"Rovnaky titul, odlisny text"
D0466,D-rovnaky-nazov-iny-text,skontrolovat,Baranok Bozi-klasika (detsky zbor).xml,Baranok Bozi-klasika,detsky zbor,59527b68,1,"Rovnaky titul, odlisny text"
D0467,D-rovnaky-nazov-iny-text,ponechat,Baránok (Anonymous).xml,Baránok,Anonymous,7cc40f58,1,"Rovnaky titul, odlisny text"
D0467,D-rovnaky-nazov-iny-text,skontrolovat,Baránok (Večeradlo s Pannou Máriou).xml,Baránok,Večeradlo s Pannou Máriou,30ddbffc,2,"Rovnaky titul, odlisny text"
D0468,D-rovnaky-nazov-iny-text,ponechat,Benedicimus te (Anonymous).xml,Benedicimus te,Anonymous,1199b55c,1,"Rovnaky titul, odlisny text"
D0468,D-rovnaky-nazov-iny-text,skontrolovat,"Benedicimus te (Taize, Veľkonočná).xml",Benedicimus te,"Veľkonočná, Taize",dbae7652,6,"Rovnaky titul, odlisny text"
D0469,D-rovnaky-nazov-iny-text,ponechat,Boh je láska (...).xml,Boh je láska,...,053fe623,1,"Rovnaky titul, odlisny text"
D0469,D-rovnaky-nazov-iny-text,skontrolovat,Boh je láska (Author Unknown).xml,Boh je láska,Author Unknown,5178d897,1,"Rovnaky titul, odlisny text"
D0470,D-rovnaky-nazov-iny-text,ponechat,Bol si tam (Anonymous).xml,Bol si tam,Anonymous,80b450cc,16,"Rovnaky titul, odlisny text"
D0470,D-rovnaky-nazov-iny-text,skontrolovat,Bol si tam (krížová cesta).xml,Bol si tam,krížová cesta,89a91277,16,"Rovnaky titul, odlisny text"
D0471,D-rovnaky-nazov-iny-text,ponechat,"Bože Otče, teraz vidím (Anonymous).xml","Bože Otče, teraz vidím",Anonymous,7529d75e,3,"Rovnaky titul, odlisny text"
D0471,D-rovnaky-nazov-iny-text,skontrolovat,"Bože Otče, teraz vidím (Chvály).xml","Bože Otče, teraz vidím",Chvály,c1fdd47c,2,"Rovnaky titul, odlisny text"
D0472,D-rovnaky-nazov-iny-text,ponechat,Cakaju ta nastrahy (Author Unknown).xml,Cakaju ta nastrahy,Author Unknown,d94f2134,4,"Rovnaky titul, odlisny text"
D0472,D-rovnaky-nazov-iny-text,skontrolovat,Cakaju ta nastrahy (detsky zbor).xml,Cakaju ta nastrahy,detsky zbor,64955ae1,4,"Rovnaky titul, odlisny text"
D0473,D-rovnaky-nazov-iny-text,ponechat,Ci si velky a ci maly (Author Unknown).xml,Ci si velky a ci maly,Author Unknown,28194373,4,"Rovnaky titul, odlisny text"
D0473,D-rovnaky-nazov-iny-text,skontrolovat,Ci si velky a ci maly (detsky zbor).xml,Ci si velky a ci maly,detsky zbor,376d60b2,3,"Rovnaky titul, odlisny text"
D0474,D-rovnaky-nazov-iny-text,ponechat,Dnes chcel by som Ti dat (Author Unknown).xml,Dnes chcel by som Ti dat,Author Unknown,69d24786,3,"Rovnaky titul, odlisny text"
D0474,D-rovnaky-nazov-iny-text,skontrolovat,Dnes chcel by som Ti dat (detsky zbor).xml,Dnes chcel by som Ti dat,detsky zbor,4dd2d551,3,"Rovnaky titul, odlisny text"
D0475,D-rovnaky-nazov-iny-text,ponechat,Do tmy na svet (Adorácia).xml,Do tmy na svet,Adorácia,e6959ac9,5,"Rovnaky titul, odlisny text"
D0475,D-rovnaky-nazov-iny-text,skontrolovat,Do tmy na svet (Author Unknown).xml,Do tmy na svet,Author Unknown,5c4e658f,4,"Rovnaky titul, odlisny text"
D0476,D-rovnaky-nazov-iny-text,ponechat,"Do tmy našich dní (Advent, Pomalá, Pôstna, Taize).xml",Do tmy našich dní,"Advent, Pôstna, Pomalá, Taize",450c092e,1,"Rovnaky titul, odlisny text"
D0476,D-rovnaky-nazov-iny-text,skontrolovat,Do tmy našich dní (Taize).xml,Do tmy našich dní,Taize,8098ffd5,1,"Rovnaky titul, odlisny text"
D0477,D-rovnaky-nazov-iny-text,ponechat,Dávam všetko (...).xml,Dávam všetko,...,339aa8ea,6,"Rovnaky titul, odlisny text"
D0477,D-rovnaky-nazov-iny-text,skontrolovat,"Dávam všetko (Adorácia, Obetné dary, Rieka života).xml",Dávam všetko,"Adorácia, Obetné dary, Rieka života",64f01830,3,"Rovnaky titul, odlisny text"
D0478,D-rovnaky-nazov-iny-text,ponechat,Glória - UPC (Glória)-1.xml,Glória - UPC,Glória,87a91268,4,"Rovnaky titul, odlisny text"
D0478,D-rovnaky-nazov-iny-text,skontrolovat,Glória - UPC (Glória).xml,Glória - UPC,Glória,23928c06,4,"Rovnaky titul, odlisny text"
D0479,D-rovnaky-nazov-iny-text,ponechat,"Je stále prítomná (Advent, Pôstna, Začiatok).xml",Je stále prítomná,"Advent, Začiatok, Pôstna",cffb445c,1,"Rovnaky titul, odlisny text"
D0479,D-rovnaky-nazov-iny-text,skontrolovat,Je stále prítomná (Anonymous).xml,Je stále prítomná,Anonymous,7c5bf54f,2,"Rovnaky titul, odlisny text"
D0480,D-rovnaky-nazov-iny-text,ponechat,"Ježiš, ty si skalou (Anonymous).xml","Ježiš, ty si skalou",Anonymous,949e511e,2,"Rovnaky titul, odlisny text"
D0480,D-rovnaky-nazov-iny-text,skontrolovat,"Ježiš, ty si skalou (Prijímanie).xml","Ježiš, ty si skalou",Prijímanie,2afeff3e,2,"Rovnaky titul, odlisny text"
D0481,D-rovnaky-nazov-iny-text,ponechat,Kríž je znakom spásy (Anonymous).xml,Kríž je znakom spásy,Anonymous,998f51c9,4,"Rovnaky titul, odlisny text"
D0481,D-rovnaky-nazov-iny-text,skontrolovat,"Kríž je znakom spásy (Pôstna, krížová cesta).xml",Kríž je znakom spásy,"krížová cesta, Pôstna",25ba4ed6,4,"Rovnaky titul, odlisny text"
D0482,D-rovnaky-nazov-iny-text,ponechat,"Laudate Dominum (Chvály, Taize).xml",Laudate Dominum,"Chvály, Taize",d883d126,1,"Rovnaky titul, odlisny text"
D0482,D-rovnaky-nazov-iny-text,skontrolovat,Laudate Dominum (Taize).xml,Laudate Dominum,Taize,9ba4d5f1,1,"Rovnaky titul, odlisny text"
D0483,D-rovnaky-nazov-iny-text,ponechat,"Moja múdrosť (Advent, Pomalá, Pôstna, Taize).xml",Moja múdrosť,"Pôstna, Advent, Taize, Pomalá",25e20451,1,"Rovnaky titul, odlisny text"
D0483,D-rovnaky-nazov-iny-text,skontrolovat,Moja múdrosť (Taize).xml,Moja múdrosť,Taize,01423662,2,"Rovnaky titul, odlisny text"
D0484,D-rovnaky-nazov-iny-text,ponechat,"Márnotratný syn (Pomalá, Pôstna)-1.xml",Márnotratný syn,"Pomalá, Pôstna",736f4804,11,"Rovnaky titul, odlisny text"
D0484,D-rovnaky-nazov-iny-text,skontrolovat,"Márnotratný syn (Pomalá, Pôstna).xml",Márnotratný syn,"Pomalá, Pôstna",e94a663f,6,"Rovnaky titul, odlisny text"
D0485,D-rovnaky-nazov-iny-text,ponechat,Nasytene dieta - Zalm 131 (MlaKa).xml,Nasytene dieta - Zalm 131,MlaKa,b560b34c,3,"Rovnaky titul, odlisny text"
D0485,D-rovnaky-nazov-iny-text,skontrolovat,Nasytene dieta - Zalm 131 (detsky zbor).xml,Nasytene dieta - Zalm 131,detsky zbor,ed045d25,3,"Rovnaky titul, odlisny text"
D0486,D-rovnaky-nazov-iny-text,ponechat,Nebojim sa (Author Unknown).xml,Nebojim sa,Author Unknown,1c2b1ac7,3,"Rovnaky titul, odlisny text"
D0486,D-rovnaky-nazov-iny-text,skontrolovat,Nebojim sa (detsky zbor).xml,Nebojim sa,detsky zbor,0d661af1,3,"Rovnaky titul, odlisny text"
D0487,D-rovnaky-nazov-iny-text,ponechat,Obet svoju Velkonocnu (Author Unknown).xml,Obet svoju Velkonocnu,Author Unknown,07f9900f,7,"Rovnaky titul, odlisny text"
D0487,D-rovnaky-nazov-iny-text,skontrolovat,Obet svoju Velkonocnu (detsky zbor).xml,Obet svoju Velkonocnu,detsky zbor,92bdcf8e,7,"Rovnaky titul, odlisny text"
D0488,D-rovnaky-nazov-iny-text,ponechat,Od Boha radost (SD).xml,Od Boha radost,SD,0775f30a,2,"Rovnaky titul, odlisny text"
D0488,D-rovnaky-nazov-iny-text,skontrolovat,Od Boha radost (detsky zbor).xml,Od Boha radost,detsky zbor,a9506783,2,"Rovnaky titul, odlisny text"
D0489,D-rovnaky-nazov-iny-text,ponechat,Otce nas (Author Unknown).xml,Otce nas,Author Unknown,ff6c7bf4,1,"Rovnaky titul, odlisny text"
D0489,D-rovnaky-nazov-iny-text,skontrolovat,Otce nas (detsky zbor).xml,Otce nas,detsky zbor,eef1717e,1,"Rovnaky titul, odlisny text"
D0490,D-rovnaky-nazov-iny-text,ponechat,Otváram srdce (...).xml,Otváram srdce,...,d21aed88,3,"Rovnaky titul, odlisny text"
D0490,D-rovnaky-nazov-iny-text,skontrolovat,Otváram srdce (MaranaTha).xml,Otváram srdce,MaranaTha,3a59b81e,4,"Rovnaky titul, odlisny text"
D0491,D-rovnaky-nazov-iny-text,ponechat,Otče náš (Otče náš).xml,Otče náš,Otče náš,7cdebf2a,3,"Rovnaky titul, odlisny text"
D0491,D-rovnaky-nazov-iny-text,skontrolovat,Otče náš (Večeradlo s Pannou Máriou).xml,Otče náš,Večeradlo s Pannou Máriou,70ebfe69,2,"Rovnaky titul, odlisny text"
D0492,D-rovnaky-nazov-iny-text,ponechat,Padáme na svoju tvár (...).xml,Padáme na svoju tvár,...,5edaeeca,2,"Rovnaky titul, odlisny text"
D0492,D-rovnaky-nazov-iny-text,skontrolovat,Padáme na svoju tvár (Anonymous).xml,Padáme na svoju tvár,Anonymous,fe2ffdb2,2,"Rovnaky titul, odlisny text"
D0493,D-rovnaky-nazov-iny-text,ponechat,"Pane, som tak veľmi rád (Anonymous).xml","Pane, som tak veľmi rád",Anonymous,f4c600dc,2,"Rovnaky titul, odlisny text"
D0493,D-rovnaky-nazov-iny-text,skontrolovat,"Pane, som tak veľmi rád (Veľkonočná).xml","Pane, som tak veľmi rád",Veľkonočná,4450c815,2,"Rovnaky titul, odlisny text"
D0494,D-rovnaky-nazov-iny-text,ponechat,Pristup blizsie (Author Unknown).xml,Pristup blizsie,Author Unknown,0a2ffa89,3,"Rovnaky titul, odlisny text"
D0494,D-rovnaky-nazov-iny-text,skontrolovat,Pristup blizsie (detsky zbor).xml,Pristup blizsie,detsky zbor,7f7cae68,3,"Rovnaky titul, odlisny text"
D0495,D-rovnaky-nazov-iny-text,ponechat,"Spievaj Pánovi (Chvály, Pomalá, Taize).xml",Spievaj Pánovi,"Chvály, Pomalá, Taize",0c9e71fa,1,"Rovnaky titul, odlisny text"
D0495,D-rovnaky-nazov-iny-text,skontrolovat,Spievaj Pánovi (Taize).xml,Spievaj Pánovi,Taize,a12e61f6,3,"Rovnaky titul, odlisny text"
D0496,D-rovnaky-nazov-iny-text,ponechat,Svaty - Pane Boze svetov nekonecnych (Author Unknown).xml,Svaty - Pane Boze svetov nekonecnych,Author Unknown,04a04134,4,"Rovnaky titul, odlisny text"
D0496,D-rovnaky-nazov-iny-text,skontrolovat,Svaty - Pane Boze svetov nekonecnych (detsky zbor).xml,Svaty - Pane Boze svetov nekonecnych,detsky zbor,f1420dc0,3,"Rovnaky titul, odlisny text"
D0497,D-rovnaky-nazov-iny-text,ponechat,Svoj pokoj (...).xml,Svoj pokoj,...,7e1859f7,1,"Rovnaky titul, odlisny text"
D0497,D-rovnaky-nazov-iny-text,skontrolovat,Svoj pokoj (Anonymous).xml,Svoj pokoj,Anonymous,431e28c3,4,"Rovnaky titul, odlisny text"
D0498,D-rovnaky-nazov-iny-text,ponechat,"Svätý,  svätý (Anonymous).xml","Svätý,  svätý",Anonymous,16d58fad,4,"Rovnaky titul, odlisny text"
D0498,D-rovnaky-nazov-iny-text,skontrolovat,"Svätý, svätý (Svätý).xml","Svätý, svätý",Svätý,33f4a0ea,2,"Rovnaky titul, odlisny text"
D0499,D-rovnaky-nazov-iny-text,ponechat,Taky Velky Taky maly (Author Unknown).xml,Taky Velky Taky maly,Author Unknown,07ce209a,4,"Rovnaky titul, odlisny text"
D0499,D-rovnaky-nazov-iny-text,skontrolovat,Taky Velky Taky maly (detsky zbor).xml,Taky Velky Taky maly,detsky zbor,db0c87a1,4,"Rovnaky titul, odlisny text"
D0500,D-rovnaky-nazov-iny-text,ponechat,Ticha noc - G-dur (Author Unknown).xml,Ticha noc - G-dur,Author Unknown,26722bd1,3,"Rovnaky titul, odlisny text"
D0500,D-rovnaky-nazov-iny-text,skontrolovat,Ticha noc - G-dur (detsky zbor).xml,Ticha noc - G-dur,detsky zbor,a7e715b9,3,"Rovnaky titul, odlisny text"
D0501,D-rovnaky-nazov-iny-text,ponechat,Ty si mojou láskou (Anonymous).xml,Ty si mojou láskou,Anonymous,4b3b01c2,1,"Rovnaky titul, odlisny text"
D0501,D-rovnaky-nazov-iny-text,skontrolovat,Ty si mojou láskou (detsky zbor).xml,Ty si mojou láskou,detsky zbor,443ed294,3,"Rovnaky titul, odlisny text"
D0502,D-rovnaky-nazov-iny-text,ponechat,Ty si najvyssi (Author Unknown).xml,Ty si najvyssi,Author Unknown,d1d07db0,1,"Rovnaky titul, odlisny text"
D0502,D-rovnaky-nazov-iny-text,skontrolovat,Ty si najvyssi (detsky zbor).xml,Ty si najvyssi,detsky zbor,8b7f367b,1,"Rovnaky titul, odlisny text"
D0503,D-rovnaky-nazov-iny-text,ponechat,Vsetko Ti davam (Author Unknown).xml,Vsetko Ti davam,Author Unknown,47a6fa22,4,"Rovnaky titul, odlisny text"
D0503,D-rovnaky-nazov-iny-text,skontrolovat,Vsetko Ti davam (detsky zbor).xml,Vsetko Ti davam,detsky zbor,5b0cc5ac,4,"Rovnaky titul, odlisny text"
D0504,D-rovnaky-nazov-iny-text,ponechat,Vďaka Ježiš (Richard Čanaky).xml,Vďaka Ježiš,Richard Čanaky,bf959923,1,"Rovnaky titul, odlisny text"
D0504,D-rovnaky-nazov-iny-text,skontrolovat,Vďaka Ježiš (Záver).xml,Vďaka Ježiš,Záver,59e45197,1,"Rovnaky titul, odlisny text"
D0505,D-rovnaky-nazov-iny-text,ponechat,Všade tam kde sú (Anonymous).xml,Všade tam kde sú,Anonymous,f01f9bf1,2,"Rovnaky titul, odlisny text"
D0505,D-rovnaky-nazov-iny-text,skontrolovat,Všade tam kde sú (Author Unknown).xml,Všade tam kde sú,Author Unknown,d93953b3,2,"Rovnaky titul, odlisny text"
D0505,D-rovnaky-nazov-iny-text,skontrolovat,Všade tam kde sú (detsky zbor).xml,Všade tam kde sú,detsky zbor,681a1743,2,"Rovnaky titul, odlisny text"
D0506,D-rovnaky-nazov-iny-text,ponechat,Vždy je s nami tá (Anonymous).xml,Vždy je s nami tá,Anonymous,d9d203d7,5,"Rovnaky titul, odlisny text"
D0506,D-rovnaky-nazov-iny-text,skontrolovat,Vždy je s nami tá (Mariánska).xml,Vždy je s nami tá,Mariánska,21f5b2e3,3,"Rovnaky titul, odlisny text"
D0507,D-rovnaky-nazov-iny-text,ponechat,spievaj panovi (Author Unknown).xml,spievaj panovi,Author Unknown,4e909a0f,4,"Rovnaky titul, odlisny text"
D0507,D-rovnaky-nazov-iny-text,skontrolovat,spievaj panovi (detsky zbor).xml,spievaj panovi,detsky zbor,578edf55,4,"Rovnaky titul, odlisny text"
D0508,D-rovnaky-nazov-iny-text,ponechat,Čakajú ťa nástrahy (Anonymous).xml,Čakajú ťa nástrahy,Anonymous,69c70136,4,"Rovnaky titul, odlisny text"
D0508,D-rovnaky-nazov-iny-text,skontrolovat,Čakajú ťa nástrahy (Mariánska).xml,Čakajú ťa nástrahy,Mariánska,d7a57074,4,"Rovnaky titul, odlisny text"
D0509,D-rovnaky-nazov-iny-text,ponechat,Ž 118 (JKS)-1.xml,Ž 118,JKS,f6a6ccd5,1,"Rovnaky titul, odlisny text"
D0509,D-rovnaky-nazov-iny-text,skontrolovat,Ž 118 (JKS).xml,Ž 118,JKS,99920225,5,"Rovnaky titul, odlisny text"
D0510,D-rovnaky-nazov-iny-text,ponechat,Ž 16 (Anonymous).xml,Ž 16,Anonymous,0880c1cb,1,"Rovnaky titul, odlisny text"
D0510,D-rovnaky-nazov-iny-text,skontrolovat,Ž 16 (JKS).xml,Ž 16,JKS,b649e2f7,4,"Rovnaky titul, odlisny text"
D0511,D-rovnaky-nazov-iny-text,ponechat,Ž 80 (JKS)-1.xml,Ž 80,JKS,1f174fe1,3,"Rovnaky titul, odlisny text"
D0511,D-rovnaky-nazov-iny-text,skontrolovat,Ž 80 (JKS).xml,Ž 80,JKS,a429cc92,1,"Rovnaky titul, odlisny text"
D0512,D-rovnaky-nazov-iny-text,ponechat,Ž 84 (JKS)-1.xml,Ž 84,JKS,fc6df728,4,"Rovnaky titul, odlisny text"
D0512,D-rovnaky-nazov-iny-text,skontrolovat,Ž 84 (JKS).xml,Ž 84,JKS,10c1146b,1,"Rovnaky titul, odlisny text"
D0513,D-rovnaky-nazov-iny-text,ponechat,ŽALM (Večeradlo s Pannou Máriou).xml,ŽALM,Večeradlo s Pannou Máriou,2b30bb8a,4,"Rovnaky titul, odlisny text"
D0513,D-rovnaky-nazov-iny-text,skontrolovat,žalm (Anonymous).xml,žalm,Anonymous,70d81175,1,"Rovnaky titul, odlisny text"
D0513,D-rovnaky-nazov-iny-text,skontrolovat,žalm (Author Unknown).xml,žalm,Author Unknown,0dc0fa79,1,"Rovnaky titul, odlisny text"
